source_id,source_name_en,source_name_ja,vendor,platform_version,application_version,application_build,observed_at,acquisition_method,official_url,distribution_url,distribution_sha256,sound_name,event_type,relative_path,sha256,duration_seconds,sample_rate_hz,channel_count,integrated_lufs,maximum_momentary_lufs,maximum_short_term_lufs,loudness_range_lu,true_peak_dbtp,sample_peak_dbfs,rms_dbfs,active_rms_dbfs,sample_crest_factor_db,true_peak_crest_factor_db,spectral_centroid_hz,peak_frequency_hz,speech_band_200_8000_hz_energy_percent,analysis_profile,ffmpeg_version,analyzed_at
apple-audio-midi-setup,Audio MIDI Setup,Audio MIDI設定,Apple,26.6.1,3.8,3.8,2026-08-09T05:11:22Z,local_installation,https://support.apple.com/guide/audio-midi-setup/welcome/mac,,,MIDIReceivedSound,ui_feedback,Contents/Resources/MIDIReceivedSound.aiff,f0d9c340dde6843a096db596ea8298186957e9acccdb275b30de1f733acc4296,0.181927,44100,1,-24.1,-24.1,,,-9.0,-9.012,-20.096,-19.801,11.083,11.096,538.268,527.563,99.999,notification-sound-db-bs1770-v1,ffmpeg version 8.1.2 Copyright (c) 2000-2026 the FFmpeg developers,2026-08-09T04:53:22Z
apple-books,Books,ブック,Apple,26.6.1,8.5,6570,2026-08-09T05:11:22Z,local_installation,https://support.apple.com/guide/books/welcome/mac,,,skipFX,ui_feedback,Contents/Frameworks/BKAudiobooks.framework/Versions/A/Resources/skipFX.aiff,5d7a7e8a867e96952300ab764d86854689a17d1f09740a593e6cd91fecc47356,0.083333,48000,2,-15.0,-15.0,,,-1.0,-1.002,-10.466,-10.466,9.464,9.466,438.848,444.0,99.987,notification-sound-db-bs1770-v1,ffmpeg version 8.1.2 Copyright (c) 2000-2026 the FFmpeg developers,2026-08-09T04:53:22Z
apple-grapher,Grapher,Grapher,Apple,26.6.1,2.8,1,2026-08-09T05:11:22Z,local_installation,https://support.apple.com/guide/grapher/welcome/mac,,,snapshot,ui_feedback,Contents/Resources/snapshot.aiff,c052dfd7c5939a1b9b92654c564da1e4e033289b8245562affcb46c184265cb9,0.459546,22050,1,-20.4,-18.7,,,-0.1,-1.557,-21.679,-21.673,20.122,21.579,4035.409,1501.941,96.918,notification-sound-db-bs1770-v1,ffmpeg version 8.1.2 Copyright (c) 2000-2026 the FFmpeg developers,2026-08-09T04:53:22Z
apple-mail,Mail,メール,Apple,26.6.1,16.0,3864.700.51.1.1,2026-08-09T05:11:22Z,local_installation,https://support.apple.com/guide/mail/welcome/mac,,,Mail Fetch Error,error,Contents/Resources/Mail Fetch Error.aiff,2e11b4c0b2112fec4e1a817922783cca4470b69273011f83a50bc44ababe71e3,0.722834,44100,2,-29.6,-26.5,,,-18.2,-18.171,-30.708,-30.112,12.538,12.508,160.119,193.799,4.681,notification-sound-db-bs1770-v1,ffmpeg version 8.1.2 Copyright (c) 2000-2026 the FFmpeg developers,2026-08-09T04:53:22Z
apple-mail,Mail,メール,Apple,26.6.1,16.0,3864.700.51.1.1,2026-08-09T05:11:22Z,local_installation,https://support.apple.com/guide/mail/welcome/mac,,,Mail Scheduled,message,Contents/Resources/Mail Scheduled.wav,31743a7e3a609e9e0a8615f8a5c578a555cfae0b46c93d5c4d1dd057e2394a06,1.325,48000,2,-27.5,-27.4,,,-9.0,-8.975,-34.93,-30.784,25.955,25.93,484.548,527.344,94.909,notification-sound-db-bs1770-v1,ffmpeg version 8.1.2 Copyright (c) 2000-2026 the FFmpeg developers,2026-08-09T04:53:22Z
apple-mail,Mail,メール,Apple,26.6.1,16.0,3864.700.51.1.1,2026-08-09T05:11:22Z,local_installation,https://support.apple.com/guide/mail/welcome/mac,,,Mail Sent,completion,Contents/Resources/Mail Sent.aiff,fb03bad343d643daf8c11397a22422f47a3fb71b97b2a9e8d0282595e8c3da6e,1.51449,44100,2,-31.8,-29.1,,,-17.8,-17.788,-37.696,-35.85,19.907,19.896,1036.09,559.863,98.089,notification-sound-db-bs1770-v1,ffmpeg version 8.1.2 Copyright (c) 2000-2026 the FFmpeg developers,2026-08-09T04:53:22Z
apple-mail,Mail,メール,Apple,26.6.1,16.0,3864.700.51.1.1,2026-08-09T05:11:22Z,local_installation,https://support.apple.com/guide/mail/welcome/mac,,,New Mail,message,Contents/Resources/New Mail.aiff,dd52bbe1e36553fbe282c5b8036492c2ec4f7e5355541fe8eb6ab2a3059a6b7a,1.357833,48000,2,-22.9,-20.6,,,-13.9,-13.921,-28.486,-26.134,14.565,14.586,759.502,738.281,100.0,notification-sound-db-bs1770-v1,ffmpeg version 8.1.2 Copyright (c) 2000-2026 the FFmpeg developers,2026-08-09T04:53:22Z
apple-music,Music,ミュージック,Apple,26.6.1,1.6.6,1.6.6,2026-08-09T05:11:22Z,local_installation,https://support.apple.com/guide/music/welcome/mac,,,axloadcomplete,completion,Contents/Resources/axloadcomplete.aif,bed20955e39d115c36f6f0b975fbf0d18ddb9094d2db7e0bcce2d7434de3e7e3,0.175805,44100,2,-27.4,-27.1,,,-10.7,-10.766,-26.692,-26.546,15.927,15.992,983.39,829.028,99.998,notification-sound-db-bs1770-v1,ffmpeg version 8.1.2 Copyright (c) 2000-2026 the FFmpeg developers,2026-08-09T04:53:22Z
apple-music,Music,ミュージック,Apple,26.6.1,1.6.6,1.6.6,2026-08-09T05:11:22Z,local_installation,https://support.apple.com/guide/music/welcome/mac,,,complete,completion,Contents/Resources/complete.aif,97b6876106e0a3bf4b56013272645f4c9cb5142ebe148dfebbef557330f4f297,0.780771,22050,1,-22.5,-19.0,,,-9.9,-9.95,-21.187,-21.003,11.238,11.287,433.625,296.082,99.935,notification-sound-db-bs1770-v1,ffmpeg version 8.1.2 Copyright (c) 2000-2026 the FFmpeg developers,2026-08-09T04:53:22Z
apple-photo-booth,Photo Booth,Photo Booth,Apple,26.6.1,13.1,1177,2026-08-09T05:11:22Z,local_installation,https://support.apple.com/guide/photo-booth/welcome/mac,,,action,ui_feedback,Contents/Resources/action.aif,1ced2ef47ae6dc93f65d39f23941f1ec5d0543dad48fa7368bd884776e8bff3c,0.056735,44100,2,-26.6,-26.6,,,-8.1,-8.124,-23.28,-22.732,15.156,15.18,2467.783,916.547,95.003,notification-sound-db-bs1770-v1,ffmpeg version 8.1.2 Copyright (c) 2000-2026 the FFmpeg developers,2026-08-09T04:53:22Z
apple-screen-sharing,Screen Sharing,画面共有,Apple,26.6.1,6.1,764.2,2026-08-09T05:11:22Z,local_installation,https://support.apple.com/guide/mac-help/share-the-screen-of-another-mac-mh14066/mac,,,SessionStarted,completion,Contents/Resources/SessionStarted.aiff,8ea649d0008bdb2db56200e65bb261f162854dcd76f228317b5e1509f8b2823e,0.997778,44100,2,-24.5,-22.3,,,-13.6,-13.58,-28.395,-27.326,14.815,14.795,408.283,495.264,99.845,notification-sound-db-bs1770-v1,ffmpeg version 8.1.2 Copyright (c) 2000-2026 the FFmpeg developers,2026-08-09T04:53:23Z
apple-tv,TV,TV,Apple,26.6.1,1.6.6,1.6.6,2026-08-09T05:11:22Z,local_installation,https://support.apple.com/guide/tvapp-mac/welcome/mac,,,axloadcomplete,completion,Contents/Resources/axloadcomplete.aif,bed20955e39d115c36f6f0b975fbf0d18ddb9094d2db7e0bcce2d7434de3e7e3,0.175805,44100,2,-27.4,-27.1,,,-10.7,-10.766,-26.692,-26.546,15.927,15.992,983.39,829.028,99.998,notification-sound-db-bs1770-v1,ffmpeg version 8.1.2 Copyright (c) 2000-2026 the FFmpeg developers,2026-08-09T04:53:22Z
discord,Discord,Discord,Discord,26.6.1,0.0.406,0.0.406,2026-08-09T05:11:22Z,local_installation,https://discord.com/download,,,discord_asmr_message1,message,Contents/Resources/discord_asmr_message1.m4a,6434271b459fce2374bfa7eaadc359fca08012d0b36b5af75c2dab234fe4589e,1.001333,48000,2,-29.2,-26.8,,,-12.8,-12.864,-32.36,-32.267,19.496,19.56,1360.046,23.438,29.538,notification-sound-db-bs1770-v1,ffmpeg version 8.1.2 Copyright (c) 2000-2026 the FFmpeg developers,2026-08-09T04:53:24Z
discord,Discord,Discord,Discord,26.6.1,0.0.406,0.0.406,2026-08-09T05:11:22Z,local_installation,https://discord.com/download,,,discord_bit_message1,message,Contents/Resources/discord_bit_message1.m4a,189c714abe2c3f56be62b8a533481ff7798735739c648453ca47c90aaa41e971,0.617333,48000,2,-27.3,-24.9,,,-7.0,-7.32,-29.489,-29.366,22.17,22.489,818.627,70.312,60.1,notification-sound-db-bs1770-v1,ffmpeg version 8.1.2 Copyright (c) 2000-2026 the FFmpeg developers,2026-08-09T04:53:24Z
discord,Discord,Discord,Discord,26.6.1,0.0.406,0.0.406,2026-08-09T05:11:22Z,local_installation,https://discord.com/download,,,discord_bop_message1,message,Contents/Resources/discord_bop_message1.m4a,aa864b7689fc0bbb376ea542d5126152a79b06c6298fb92d539f60b3c76c498f,0.34,48000,2,-25.9,-23.7,,,-8.3,-8.315,-25.384,-22.375,17.069,17.084,463.245,527.344,96.83,notification-sound-db-bs1770-v1,ffmpeg version 8.1.2 Copyright (c) 2000-2026 the FFmpeg developers,2026-08-09T04:53:24Z
discord,Discord,Discord,Discord,26.6.1,0.0.406,0.0.406,2026-08-09T05:11:22Z,local_installation,https://discord.com/download,,,discord_discodo,message,Contents/Resources/discord_discodo.m4a,157d282f85a1d4fb98937c4292c0e595319c602cd0583822fd77793cd4e965ee,1.182766,44100,2,-25.2,-22.4,,,-11.6,-11.659,-30.426,-28.618,18.768,18.826,2232.83,247.632,75.44,notification-sound-db-bs1770-v1,ffmpeg version 8.1.2 Copyright (c) 2000-2026 the FFmpeg developers,2026-08-09T04:53:24Z
discord,Discord,Discord,Discord,26.6.1,0.0.406,0.0.406,2026-08-09T05:11:22Z,local_installation,https://discord.com/download,,,discord_ducky_message1,message,Contents/Resources/discord_ducky_message1.m4a,526644950a6245c14dd8ecc83f4319897d5695c5c966fd0d3a1da42a539a138a,0.34,48000,2,-19.7,-18.4,,,-8.0,-7.977,-23.142,-21.977,15.165,15.142,2209.943,2191.406,99.813,notification-sound-db-bs1770-v1,ffmpeg version 8.1.2 Copyright (c) 2000-2026 the FFmpeg developers,2026-08-09T04:53:25Z
discord,Discord,Discord,Discord,26.6.1,0.0.406,0.0.406,2026-08-09T05:11:22Z,local_installation,https://discord.com/download,,,discord_halloween_message1,message,Contents/Resources/discord_halloween_message1.m4a,2e8c547009d276561aa67596a6fc1f14905d33494b73e7ad346c0064ce1eb8cc,1.066667,44100,2,-23.8,-20.4,,,-8.9,-8.939,-27.081,-25.126,18.142,18.181,608.004,549.097,99.976,notification-sound-db-bs1770-v1,ffmpeg version 8.1.2 Copyright (c) 2000-2026 the FFmpeg developers,2026-08-09T04:53:25Z
discord,Discord,Discord,Discord,26.6.1,0.0.406,0.0.406,2026-08-09T05:11:22Z,local_installation,https://discord.com/download,,,discord_lofi_message1,message,Contents/Resources/discord_lofi_message1.m4a,c1a19aec468d09df51f44d1a966af1dead35bcad3ad1a85441e594e1f1027f3a,0.788,48000,2,-22.1,-19.6,,,-8.2,-8.297,-25.643,-25.37,17.345,17.443,1183.404,832.031,99.741,notification-sound-db-bs1770-v1,ffmpeg version 8.1.2 Copyright (c) 2000-2026 the FFmpeg developers,2026-08-09T04:53:25Z
discord,Discord,Discord,Discord,26.6.1,0.0.406,0.0.406,2026-08-09T05:11:22Z,local_installation,https://discord.com/download,,,discord_message1,message,Contents/Resources/discord_message1.m4a,2b5a546faf54b91e258843e62f854a9d019264f70231348d5eb4ec4809981868,0.370068,44100,2,-18.7,-18.1,,,-6.0,-6.026,-20.237,-18.867,14.211,14.237,619.559,785.962,100.0,notification-sound-db-bs1770-v1,ffmpeg version 8.1.2 Copyright (c) 2000-2026 the FFmpeg developers,2026-08-09T04:53:25Z
discord,Discord,Discord,Discord,26.6.1,0.0.406,0.0.406,2026-08-09T05:11:22Z,local_installation,https://discord.com/download,,,discord_message2,message,Contents/Resources/discord_message2.m4a,caa0d3c47df19afb46587c62b1e4b786db054541e8e2ba1d20420708fbd7be02,0.671927,44100,2,-17.3,-15.6,,,-5.9,-5.95,-20.154,-19.124,14.204,14.254,482.279,527.563,99.693,notification-sound-db-bs1770-v1,ffmpeg version 8.1.2 Copyright (c) 2000-2026 the FFmpeg developers,2026-08-09T04:53:25Z
discord,Discord,Discord,Discord,26.6.1,0.0.406,0.0.406,2026-08-09T05:11:22Z,local_installation,https://discord.com/download,,,discord_message3,message,Contents/Resources/discord_message3.m4a,c39dc42f389c537f08dceff6c82bb5ed6ba52fcfc5381fd9c86969d0d70e653e,0.695147,44100,2,-21.8,-19.2,,,-6.1,-6.097,-24.138,-22.793,18.041,18.038,725.507,785.962,99.968,notification-sound-db-bs1770-v1,ffmpeg version 8.1.2 Copyright (c) 2000-2026 the FFmpeg developers,2026-08-09T04:53:25Z
macos-accessibility-media-events,macOS accessibility media event sounds,macOSアクセシビリティメディアイベント音,Apple,26.6.1,26.6.1,25G76,2026-08-09T05:11:22Z,local_installation,https://support.apple.com/accessibility,,,bubbleDown,ui_feedback,bubbleDown.aiff,7b15aa9504dbcdd204c04908643d8e8fdcebd20f8a0399523f8952aac59ce8a5,0.093152,44100,2,-27.4,-27.4,,,-13.1,-13.096,-23.544,-23.544,10.448,10.444,475.695,441.431,99.958,notification-sound-db-bs1770-v1,ffmpeg version 8.1.2 Copyright (c) 2000-2026 the FFmpeg developers,2026-08-09T04:58:37Z
macos-accessibility-media-events,macOS accessibility media event sounds,macOSアクセシビリティメディアイベント音,Apple,26.6.1,26.6.1,25G76,2026-08-09T05:11:22Z,local_installation,https://support.apple.com/accessibility,,,bubbleUp,ui_feedback,bubbleUp.aiff,0c89043e44f4f14e618634dc84290ef01b5d9e587249d8857caa9fa2fd2435e1,1.166961,44100,2,-29.2,-27.7,,,-13.2,-13.228,-34.897,-26.531,21.669,21.697,736.72,721.362,99.999,notification-sound-db-bs1770-v1,ffmpeg version 8.1.2 Copyright (c) 2000-2026 the FFmpeg developers,2026-08-09T04:58:37Z
macos-accessibility-media-events,macOS accessibility media event sounds,macOSアクセシビリティメディアイベント音,Apple,26.6.1,26.6.1,25G76,2026-08-09T05:11:22Z,local_installation,https://support.apple.com/accessibility,,,pluck1,ui_feedback,pluck1.aiff,33cb700a48858ed98945f32e9231296fdb404149381bd7bad33ebf8ede7bddb4,0.0561,44100,2,-28.9,-28.9,,,-12.6,-12.645,-23.08,-22.58,10.435,10.48,875.202,1051.698,99.998,notification-sound-db-bs1770-v1,ffmpeg version 8.1.2 Copyright (c) 2000-2026 the FFmpeg developers,2026-08-09T04:58:37Z
macos-accessibility-media-events,macOS accessibility media event sounds,macOSアクセシビリティメディアイベント音,Apple,26.6.1,26.6.1,25G76,2026-08-09T05:11:22Z,local_installation,https://support.apple.com/accessibility,,,pluck2,ui_feedback,pluck2.aiff,8a7d0289907dc27ee3dd1d7f0833dc999f61d531422d9b12dc63753bbed2b95b,0.26263,44100,2,-25.5,-25.5,,,-8.0,-7.96,-25.933,-25.163,17.973,17.933,339.564,387.598,92.618,notification-sound-db-bs1770-v1,ffmpeg version 8.1.2 Copyright (c) 2000-2026 the FFmpeg developers,2026-08-09T04:58:37Z
macos-accessibility-media-events,macOS accessibility media event sounds,macOSアクセシビリティメディアイベント音,Apple,26.6.1,26.6.1,25G76,2026-08-09T05:11:22Z,local_installation,https://support.apple.com/accessibility,,,scratch1,ui_feedback,scratch1.aiff,ed03619a058f5aa5cf2561c800bb6c4138650c2f98e8643ba0099e3242e01058,0.0461,44100,2,-34.6,-34.6,,,-13.1,-13.139,-29.41,-29.41,16.27,16.31,1461.675,1540.138,99.992,notification-sound-db-bs1770-v1,ffmpeg version 8.1.2 Copyright (c) 2000-2026 the FFmpeg developers,2026-08-09T04:58:37Z
macos-accessibility-media-events,macOS accessibility media event sounds,macOSアクセシビリティメディアイベント音,Apple,26.6.1,26.6.1,25G76,2026-08-09T05:11:22Z,local_installation,https://support.apple.com/accessibility,,,scratch2,ui_feedback,scratch2.aiff,ed03619a058f5aa5cf2561c800bb6c4138650c2f98e8643ba0099e3242e01058,0.0461,44100,2,-34.6,-34.6,,,-13.1,-13.139,-29.41,-29.41,16.27,16.31,1461.675,1540.138,99.992,notification-sound-db-bs1770-v1,ffmpeg version 8.1.2 Copyright (c) 2000-2026 the FFmpeg developers,2026-08-09T04:58:37Z
macos-accessibility-media-events,macOS accessibility media event sounds,macOSアクセシビリティメディアイベント音,Apple,26.6.1,26.6.1,25G76,2026-08-09T05:11:22Z,local_installation,https://support.apple.com/accessibility,,,success1,completion,success1.aiff,462056c28e31e1eb4a23924f079d3063c3be67b0279315df39d0207c6ba62643,0.093152,44100,2,-22.9,-22.9,,,-12.8,-12.8,-21.591,-21.441,8.791,8.791,1933.248,1765.723,99.997,notification-sound-db-bs1770-v1,ffmpeg version 8.1.2 Copyright (c) 2000-2026 the FFmpeg developers,2026-08-09T04:58:37Z
macos-alert-tones,macOS alert tones,macOS通知音,Apple,26.6.1,26.6.1,25G76,2026-08-09T05:11:22Z,local_installation,https://support.apple.com/guide/mac-help/change-alert-sounds-mchlp2207/mac,,,Antic-EncoreInfinitum,system_alert,EncoreInfinitum/Antic-EncoreInfinitum.caf,3bcd3a7ad2f7ae9c1e0f45765ce2e1f067522e8f57475caff00bfbc63f903cb9,0.957458,48000,2,-17.3,-14.8,,,-1.5,-1.465,-20.908,-19.226,19.443,19.408,541.882,585.938,99.538,notification-sound-db-bs1770-v1,ffmpeg version 8.1.2 Copyright (c) 2000-2026 the FFmpeg developers,2026-08-09T04:57:44Z
macos-alert-tones,macOS alert tones,macOS通知音,Apple,26.6.1,26.6.1,25G76,2026-08-09T05:11:22Z,local_installation,https://support.apple.com/guide/mac-help/change-alert-sounds-mchlp2207/mac,,,Cheers-EncoreInfinitum,system_alert,EncoreInfinitum/Cheers-EncoreInfinitum.caf,483fb3d7a4b39cd027aa0780456ddca008f6e591d5b3017fb3bcaed7e04f88da,1.239667,48000,2,-28.1,-22.8,,,-10.3,-10.276,-30.132,-27.833,19.855,19.832,544.301,527.344,99.903,notification-sound-db-bs1770-v1,ffmpeg version 8.1.2 Copyright (c) 2000-2026 the FFmpeg developers,2026-08-09T04:57:45Z
macos-alert-tones,macOS alert tones,macOS通知音,Apple,26.6.1,26.6.1,25G76,2026-08-09T05:11:22Z,local_installation,https://support.apple.com/guide/mac-help/change-alert-sounds-mchlp2207/mac,,,Droplet-EncoreInfinitum,system_alert,EncoreInfinitum/Droplet-EncoreInfinitum.caf,3f61db82f2483425dad52e6066a4a2fa094ed533647719feaf7d1ebefc416e76,1.299,48000,2,-28.1,-28.1,,,-9.7,-9.737,-35.442,-27.316,25.705,25.742,424.363,257.812,98.846,notification-sound-db-bs1770-v1,ffmpeg version 8.1.2 Copyright (c) 2000-2026 the FFmpeg developers,2026-08-09T04:57:45Z
macos-alert-tones,macOS alert tones,macOS通知音,Apple,26.6.1,26.6.1,25G76,2026-08-09T05:11:22Z,local_installation,https://support.apple.com/guide/mac-help/change-alert-sounds-mchlp2207/mac,,,Handoff-EncoreInfinitum,system_alert,EncoreInfinitum/Handoff-EncoreInfinitum.caf,1eeb5d8994547213d5cd2625cb6cca1ebee1713589c9356c20778eba47e91dda,3.842958,48000,2,-24.8,-18.4,-26.6,26.1,-9.7,-9.664,-30.068,-26.423,20.404,20.368,561.256,527.344,99.999,notification-sound-db-bs1770-v1,ffmpeg version 8.1.2 Copyright (c) 2000-2026 the FFmpeg developers,2026-08-09T04:57:45Z
macos-alert-tones,macOS alert tones,macOS通知音,Apple,26.6.1,26.6.1,25G76,2026-08-09T05:11:22Z,local_installation,https://support.apple.com/guide/mac-help/change-alert-sounds-mchlp2207/mac,,,Milestone-EncoreInfinitum,system_alert,EncoreInfinitum/Milestone-EncoreInfinitum.caf,1deaf0b24969994707e8193bdc88cdaa10e7a5cc8589d6185ceaac92496f5cf0,2.760625,48000,2,-30.1,-23.4,,,-9.8,-9.827,-34.599,-31.558,24.772,24.799,652.977,386.719,99.863,notification-sound-db-bs1770-v1,ffmpeg version 8.1.2 Copyright (c) 2000-2026 the FFmpeg developers,2026-08-09T04:57:45Z
macos-alert-tones,macOS alert tones,macOS通知音,Apple,26.6.1,26.6.1,25G76,2026-08-09T05:11:22Z,local_installation,https://support.apple.com/guide/mac-help/change-alert-sounds-mchlp2207/mac,,,Passage-EncoreInfinitum,system_alert,EncoreInfinitum/Passage-EncoreInfinitum.caf,df6310f6ed28d74cb8fb51dea3734a38f48f373152a1c45e27826faa41abd073,1.870229,48000,2,-16.7,-14.9,,,-3.0,-2.953,-23.497,-21.192,20.544,20.497,279.692,304.688,76.047,notification-sound-db-bs1770-v1,ffmpeg version 8.1.2 Copyright (c) 2000-2026 the FFmpeg developers,2026-08-09T04:57:45Z
macos-alert-tones,macOS alert tones,macOS通知音,Apple,26.6.1,26.6.1,25G76,2026-08-09T05:11:22Z,local_installation,https://support.apple.com/guide/mac-help/change-alert-sounds-mchlp2207/mac,,,Portal-EncoreInfinitum,system_alert,EncoreInfinitum/Portal-EncoreInfinitum.caf,a254a711aee746fe5edc84482664d73c787b97e4cf0c2e9405ad1958df1c45ab,2.0,48000,2,-27.0,-24.4,,,-13.7,-13.725,-31.799,-30.776,18.074,18.099,589.192,468.75,99.997,notification-sound-db-bs1770-v1,ffmpeg version 8.1.2 Copyright (c) 2000-2026 the FFmpeg developers,2026-08-09T04:57:45Z
macos-alert-tones,macOS alert tones,macOS通知音,Apple,26.6.1,26.6.1,25G76,2026-08-09T05:11:22Z,local_installation,https://support.apple.com/guide/mac-help/change-alert-sounds-mchlp2207/mac,,,Rattle-EncoreInfinitum,system_alert,EncoreInfinitum/Rattle-EncoreInfinitum.caf,fc79d637182920c818bbcb1e070d8a02c525460d203dcb09ea6dcff24e35b1c2,1.277,48000,2,-25.9,-23.7,,,-10.2,-10.208,-28.9,-28.52,18.692,18.7,427.179,445.312,99.593,notification-sound-db-bs1770-v1,ffmpeg version 8.1.2 Copyright (c) 2000-2026 the FFmpeg developers,2026-08-09T04:57:45Z
macos-alert-tones,macOS alert tones,macOS通知音,Apple,26.6.1,26.6.1,25G76,2026-08-09T05:11:22Z,local_installation,https://support.apple.com/guide/mac-help/change-alert-sounds-mchlp2207/mac,,,Rebound-EncoreInfinitum,system_alert,EncoreInfinitum/Rebound-EncoreInfinitum.caf,c802ae28a87d08f9a3d42e8eef27a7c1c052cf55fad996f74e2e8314ff1ee420,3.0,48000,2,-22.5,-17.8,-26.6,30.9,-1.9,-1.917,-29.462,-23.444,27.545,27.562,765.145,703.125,99.683,notification-sound-db-bs1770-v1,ffmpeg version 8.1.2 Copyright (c) 2000-2026 the FFmpeg developers,2026-08-09T04:57:45Z
macos-alert-tones,macOS alert tones,macOS通知音,Apple,26.6.1,26.6.1,25G76,2026-08-09T05:11:22Z,local_installation,https://support.apple.com/guide/mac-help/change-alert-sounds-mchlp2207/mac,,,Slide-EncoreInfinitum,system_alert,EncoreInfinitum/Slide-EncoreInfinitum.caf,7dce6e9605fe2dded72372d6dc651c2a83bf8b6760b8ed9d482702c33fdb0bf0,1.203771,48000,2,-26.1,-24.3,,,-16.1,-16.133,-31.509,-29.625,15.376,15.409,598.265,585.938,99.993,notification-sound-db-bs1770-v1,ffmpeg version 8.1.2 Copyright (c) 2000-2026 the FFmpeg developers,2026-08-09T04:57:45Z
macos-alert-tones,macOS alert tones,macOS通知音,Apple,26.6.1,26.6.1,25G76,2026-08-09T05:11:22Z,local_installation,https://support.apple.com/guide/mac-help/change-alert-sounds-mchlp2207/mac,,,Welcome-EncoreInfinitum,system_alert,EncoreInfinitum/Welcome-EncoreInfinitum.caf,b3f5c21c4db520a41ee1df3d7650cf95bd4514519371f2eefc11d67fd200681a,3.462458,48000,2,-23.9,-21.1,-26.6,19.9,-9.0,-8.994,-29.569,-26.94,20.575,20.569,485.705,621.094,78.868,notification-sound-db-bs1770-v1,ffmpeg version 8.1.2 Copyright (c) 2000-2026 the FFmpeg developers,2026-08-09T04:57:45Z
macos-alert-tones,macOS alert tones,macOS通知音,Apple,26.6.1,26.6.1,25G76,2026-08-09T05:11:22Z,local_installation,https://support.apple.com/guide/mac-help/change-alert-sounds-mchlp2207/mac,,,PhotosMemoriesNotification,message,PhotosMemoriesNotification.caf,ccf12b67b8eed2487b30585037206cd89b890b3059bcc23c24173840cfb52007,2.160792,48000,2,-34.2,-30.5,,,-24.0,-24.065,-40.858,-39.768,16.793,16.858,1671.001,1710.938,99.994,notification-sound-db-bs1770-v1,ffmpeg version 8.1.2 Copyright (c) 2000-2026 the FFmpeg developers,2026-08-09T04:57:45Z
macos-alert-tones,macOS alert tones,macOS通知音,Apple,26.6.1,26.6.1,25G76,2026-08-09T05:11:22Z,local_installation,https://support.apple.com/guide/mac-help/change-alert-sounds-mchlp2207/mac,,,ReceivedMessage,message,ReceivedMessage.caf,169b1d1818f640db411aa349eb218e9f9b7eb902ba2c28d3595e1530022d84ca,0.517642,44100,2,-19.6,-18.9,,,-13.1,-13.078,-22.249,-21.737,9.171,9.149,311.126,290.698,100.0,notification-sound-db-bs1770-v1,ffmpeg version 8.1.2 Copyright (c) 2000-2026 the FFmpeg developers,2026-08-09T04:57:45Z
macos-alert-tones,macOS alert tones,macOS通知音,Apple,26.6.1,26.6.1,25G76,2026-08-09T05:11:22Z,local_installation,https://support.apple.com/guide/mac-help/change-alert-sounds-mchlp2207/mac,,,Text-Message-Acknowledgement-Exclamation,message,Text-Message-Acknowledgement-Exclamation.caf,a1224eabb75266ff9ee2837a8da828c390bd8e87fd99c85c52afd20a6d3fdbbb,1.046508,44100,2,-24.5,-23.2,,,-12.0,-11.997,-30.956,-27.387,18.96,18.956,1139.374,882.861,99.92,notification-sound-db-bs1770-v1,ffmpeg version 8.1.2 Copyright (c) 2000-2026 the FFmpeg developers,2026-08-09T04:57:45Z
macos-alert-tones,macOS alert tones,macOS通知音,Apple,26.6.1,26.6.1,25G76,2026-08-09T05:11:22Z,local_installation,https://support.apple.com/guide/mac-help/change-alert-sounds-mchlp2207/mac,,,Text-Message-Acknowledgement-HaHa,message,Text-Message-Acknowledgement-HaHa.caf,7eb08433bbc35b4c1925cb816f2fd28e0b212c94fc2789a00d8739cebedef1ba,0.227755,44100,1,-29.3,-28.0,,,-16.0,-16.001,-26.275,-25.922,10.274,10.275,1261.173,1173.56,99.992,notification-sound-db-bs1770-v1,ffmpeg version 8.1.2 Copyright (c) 2000-2026 the FFmpeg developers,2026-08-09T04:57:46Z
macos-alert-tones,macOS alert tones,macOS通知音,Apple,26.6.1,26.6.1,25G76,2026-08-09T05:11:22Z,local_installation,https://support.apple.com/guide/mac-help/change-alert-sounds-mchlp2207/mac,,,Text-Message-Acknowledgement-Heart,message,Text-Message-Acknowledgement-Heart.caf,84644f45cb13ade3e608b287ea23d0e7584baa21574313513a4ee02407acccd7,0.857619,44100,1,-25.3,-21.4,,,-6.0,-5.999,-25.085,-23.461,19.086,19.085,1378.485,882.861,99.992,notification-sound-db-bs1770-v1,ffmpeg version 8.1.2 Copyright (c) 2000-2026 the FFmpeg developers,2026-08-09T04:57:46Z
macos-alert-tones,macOS alert tones,macOS通知音,Apple,26.6.1,26.6.1,25G76,2026-08-09T05:11:22Z,local_installation,https://support.apple.com/guide/mac-help/change-alert-sounds-mchlp2207/mac,,,Text-Message-Acknowledgement-QuestionMark,message,Text-Message-Acknowledgement-QuestionMark.caf,1c0643278184edebc692efc918998fe5f71cb86f9c773ab00f3b28160b4be9af,0.499524,44100,2,-20.5,-20.5,,,-6.0,-6.005,-24.105,-19.424,18.099,18.105,772.263,764.429,99.997,notification-sound-db-bs1770-v1,ffmpeg version 8.1.2 Copyright (c) 2000-2026 the FFmpeg developers,2026-08-09T04:57:46Z
macos-alert-tones,macOS alert tones,macOS通知音,Apple,26.6.1,26.6.1,25G76,2026-08-09T05:11:22Z,local_installation,https://support.apple.com/guide/mac-help/change-alert-sounds-mchlp2207/mac,,,Text-Message-Acknowledgement-ThumbsDown,message,Text-Message-Acknowledgement-ThumbsDown.caf,f399336ad40340b981fd2f4ff66f74c8a71a9c7f34bf3c7c8ced69cfcbee0ca9,0.500068,44100,2,-26.7,-25.6,,,-12.0,-12.001,-29.553,-26.365,17.552,17.553,893.912,882.861,99.97,notification-sound-db-bs1770-v1,ffmpeg version 8.1.2 Copyright (c) 2000-2026 the FFmpeg developers,2026-08-09T04:57:46Z
macos-alert-tones,macOS alert tones,macOS通知音,Apple,26.6.1,26.6.1,25G76,2026-08-09T05:11:22Z,local_installation,https://support.apple.com/guide/mac-help/change-alert-sounds-mchlp2207/mac,,,Text-Message-Acknowledgement-ThumbsUp,message,Text-Message-Acknowledgement-ThumbsUp.caf,d77c74ed903575a2543cc7b81ca4e3dca7fd889a83669305216b4090a8498c1d,0.496735,44100,2,-27.7,-25.3,,,-12.0,-12.012,-29.453,-25.503,17.442,17.453,1299.886,882.861,99.939,notification-sound-db-bs1770-v1,ffmpeg version 8.1.2 Copyright (c) 2000-2026 the FFmpeg developers,2026-08-09T04:57:46Z
macos-coreaudio-events,macOS CoreAudio event sounds,macOS CoreAudioイベント音,Apple,26.6.1,26.6.1,25G76,2026-08-09T05:11:22Z,local_installation,https://support.apple.com/macos,,,Mouse Keys OFF,ui_feedback,accessibility/Mouse Keys OFF.aif,77dad037b9bcde1fa7a1b65d5d1eeb3365143ffbbc71434bbc0c47dc720d2cbf,0.286644,44100,2,-41.5,-39.3,,,-24.1,-24.608,-44.084,-43.662,19.476,19.984,4638.36,4242.041,91.935,notification-sound-db-bs1770-v1,ffmpeg version 8.1.2 Copyright (c) 2000-2026 the FFmpeg developers,2026-08-09T04:57:46Z
macos-coreaudio-events,macOS CoreAudio event sounds,macOS CoreAudioイベント音,Apple,26.6.1,26.6.1,25G76,2026-08-09T05:11:22Z,local_installation,https://support.apple.com/macos,,,Mouse Keys ON,ui_feedback,accessibility/Mouse Keys ON.aif,54ad86e4ed3482d85850619021817ffcc74778e6702f87a6b52e2917789f19c6,0.301701,44100,2,-41.7,-39.3,,,-24.2,-24.608,-44.305,-43.665,19.697,20.105,4736.316,4435.84,91.614,notification-sound-db-bs1770-v1,ffmpeg version 8.1.2 Copyright (c) 2000-2026 the FFmpeg developers,2026-08-09T04:57:46Z
macos-coreaudio-events,macOS CoreAudio event sounds,macOS CoreAudioイベント音,Apple,26.6.1,26.6.1,25G76,2026-08-09T05:11:22Z,local_installation,https://support.apple.com/macos,,,"Slow Keys, 1st Key Pressed",ui_feedback,"accessibility/Slow Keys, 1st Key Pressed.aif",e74db3d0cf4a84c6b6e6c5e1b3590c0e86ec1a942bcd4cd582cabaf86bd582f9,0.109229,44100,2,-32.5,-32.5,,,-14.6,-14.609,-31.873,-30.521,17.264,17.273,2163.114,1798.022,95.633,notification-sound-db-bs1770-v1,ffmpeg version 8.1.2 Copyright (c) 2000-2026 the FFmpeg developers,2026-08-09T04:57:46Z
macos-coreaudio-events,macOS CoreAudio event sounds,macOS CoreAudioイベント音,Apple,26.6.1,26.6.1,25G76,2026-08-09T05:11:22Z,local_installation,https://support.apple.com/macos,,,"Slow Keys, Key Registered",ui_feedback,"accessibility/Slow Keys, Key Registered.aif",5053fdb3bec76b3d9515b903ad54b6e342a8426f74583287c0c468808aec625c,0.302902,44100,2,-33.7,-31.7,,,-16.6,-16.594,-35.665,-34.276,19.071,19.065,2665.655,129.199,85.783,notification-sound-db-bs1770-v1,ffmpeg version 8.1.2 Copyright (c) 2000-2026 the FFmpeg developers,2026-08-09T04:57:46Z
macos-coreaudio-events,macOS CoreAudio event sounds,macOS CoreAudioイベント音,Apple,26.6.1,26.6.1,25G76,2026-08-09T05:11:22Z,local_installation,https://support.apple.com/macos,,,Sticky Keys Locked,ui_feedback,accessibility/Sticky Keys Locked.aif,19d116093153c05b07a03d42e2a6bd171724a4f87a3fc838f53d280f7bd143cf,0.375011,44100,2,-35.2,-32.6,,,-17.4,-17.593,-37.757,-36.931,20.164,20.357,2925.669,2454.785,91.185,notification-sound-db-bs1770-v1,ffmpeg version 8.1.2 Copyright (c) 2000-2026 the FFmpeg developers,2026-08-09T04:57:46Z
macos-coreaudio-events,macOS CoreAudio event sounds,macOS CoreAudioイベント音,Apple,26.6.1,26.6.1,25G76,2026-08-09T05:11:22Z,local_installation,https://support.apple.com/macos,,,Sticky Keys MODIFER,ui_feedback,accessibility/Sticky Keys MODIFER.aif,3c2a071b53aa30dbcc8d2f9e318c792ecb0921a9b934a32d86bebad3dd015916,0.411156,44100,2,-28.3,-26.1,,,-8.5,-8.511,-31.659,-30.433,23.149,23.159,2712.399,2573.218,93.807,notification-sound-db-bs1770-v1,ffmpeg version 8.1.2 Copyright (c) 2000-2026 the FFmpeg developers,2026-08-09T04:57:46Z
macos-coreaudio-events,macOS CoreAudio event sounds,macOS CoreAudioイベント音,Apple,26.6.1,26.6.1,25G76,2026-08-09T05:11:22Z,local_installation,https://support.apple.com/macos,,,Sticky Keys OFF,ui_feedback,accessibility/Sticky Keys OFF.aif,b9673a5a7d392f3497852597d5945e1d8221f79db7a82f1ed3281b3dee6da6a6,0.491111,44100,2,-26.2,-24.5,,,-9.0,-8.956,-28.46,-28.269,19.505,19.46,985.828,139.966,37.822,notification-sound-db-bs1770-v1,ffmpeg version 8.1.2 Copyright (c) 2000-2026 the FFmpeg developers,2026-08-09T04:57:46Z
macos-coreaudio-events,macOS CoreAudio event sounds,macOS CoreAudioイベント音,Apple,26.6.1,26.6.1,25G76,2026-08-09T05:11:22Z,local_installation,https://support.apple.com/macos,,,Sticky Keys ON,ui_feedback,accessibility/Sticky Keys ON.aif,3c66f654f2cc9f07ab29c57c22a2d2807ddd537b63951fa55ebbce85ec6a337d,0.991905,44100,2,-24.8,-23.7,,,-8.7,-8.835,-32.601,-31.27,23.766,23.901,2653.925,1798.022,92.981,notification-sound-db-bs1770-v1,ffmpeg version 8.1.2 Copyright (c) 2000-2026 the FFmpeg developers,2026-08-09T04:57:46Z
macos-coreaudio-events,macOS CoreAudio event sounds,macOS CoreAudioイベント音,Apple,26.6.1,26.6.1,25G76,2026-08-09T05:11:22Z,local_installation,https://support.apple.com/macos,,,Sticky Keys Stuck,ui_feedback,accessibility/Sticky Keys Stuck.aif,12c202975a5b721a59f24f291efae0f67bc4535231d070199cf1a5c2201870df,0.260794,44100,2,-38.2,-38.2,,,-22.6,-22.88,-41.399,-40.029,18.519,18.799,2797.388,419.897,91.545,notification-sound-db-bs1770-v1,ffmpeg version 8.1.2 Copyright (c) 2000-2026 the FFmpeg developers,2026-08-09T04:57:46Z
macos-coreaudio-events,macOS CoreAudio event sounds,macOS CoreAudioイベント音,Apple,26.6.1,26.6.1,25G76,2026-08-09T05:11:22Z,local_installation,https://support.apple.com/macos,,,drag to trash,ui_feedback,dock/drag to trash.aif,5e4b73057a07e1625f75ede3358ff8c92631625f3a4a0381f1d4a5cb4f09580c,0.500583,48000,2,-33.5,-33.5,,,-10.0,-9.974,-39.556,-35.786,29.582,29.556,3353.544,351.562,88.294,notification-sound-db-bs1770-v1,ffmpeg version 8.1.2 Copyright (c) 2000-2026 the FFmpeg developers,2026-08-09T04:57:46Z
macos-coreaudio-events,macOS CoreAudio event sounds,macOS CoreAudioイベント音,Apple,26.6.1,26.6.1,25G76,2026-08-09T05:11:22Z,local_installation,https://support.apple.com/macos,,,poof item off dock,ui_feedback,dock/poof item off dock.aif,f8130b3846a0286aac823382072f7d280538c093b6751c1d5d45faa04e61a3d7,0.336531,44100,2,-34.6,-32.3,,,-16.0,-16.003,-34.127,-33.628,18.125,18.127,683.808,527.563,99.699,notification-sound-db-bs1770-v1,ffmpeg version 8.1.2 Copyright (c) 2000-2026 the FFmpeg developers,2026-08-09T04:57:47Z
macos-coreaudio-events,macOS CoreAudio event sounds,macOS CoreAudioイベント音,Apple,26.6.1,26.6.1,25G76,2026-08-09T05:11:22Z,local_installation,https://support.apple.com/macos,,,multiway_invitation,ui_feedback,facetime/multiway_invitation.caf,79f54bcd904a3032f6cfc86bf4068ade5c8eefe5c70798c62a2b26ea434be2f1,2.203084,44100,2,-16.7,-13.6,,,-2.7,-2.668,-22.474,-19.613,19.807,19.774,393.963,344.531,89.028,notification-sound-db-bs1770-v1,ffmpeg version 8.1.2 Copyright (c) 2000-2026 the FFmpeg developers,2026-08-09T04:57:47Z
macos-coreaudio-events,macOS CoreAudio event sounds,macOS CoreAudioイベント音,Apple,26.6.1,26.6.1,25G76,2026-08-09T05:11:22Z,local_installation,https://support.apple.com/macos,,,multiway_join,call_state,facetime/multiway_join.caf,54583e36956825fbf6c03b59023a8c13a5eb81916d607963d43e7429d00f5cb5,0.653673,44100,2,-28.1,-24.8,,,-16.2,-16.176,-29.216,-27.594,13.039,13.016,364.231,258.398,99.981,notification-sound-db-bs1770-v1,ffmpeg version 8.1.2 Copyright (c) 2000-2026 the FFmpeg developers,2026-08-09T04:57:47Z
macos-coreaudio-events,macOS CoreAudio event sounds,macOS CoreAudioイベント音,Apple,26.6.1,26.6.1,25G76,2026-08-09T05:11:22Z,local_installation,https://support.apple.com/macos,,,multiway_leave,call_state,facetime/multiway_leave.caf,09479555bb409b454be98a33c11e88a15862af78edba73af43143c8b1989d6e6,0.443741,44100,2,-25.8,-24.6,,,-13.7,-13.746,-27.337,-24.845,13.591,13.637,317.089,258.398,99.64,notification-sound-db-bs1770-v1,ffmpeg version 8.1.2 Copyright (c) 2000-2026 the FFmpeg developers,2026-08-09T04:57:47Z
macos-coreaudio-events,macOS CoreAudio event sounds,macOS CoreAudioイベント音,Apple,26.6.1,26.6.1,25G76,2026-08-09T05:11:22Z,local_installation,https://support.apple.com/macos,,,empty trash,ui_feedback,finder/empty trash.aif,575573a367cf40d241227fad9ada1154bcdfc13cb98fc22f4ec5d361a5c01c2d,0.824979,48000,2,-39.8,-37.4,,,-19.4,-19.446,-44.506,-41.373,25.06,25.106,1927.994,281.25,83.321,notification-sound-db-bs1770-v1,ffmpeg version 8.1.2 Copyright (c) 2000-2026 the FFmpeg developers,2026-08-09T04:57:47Z
macos-coreaudio-events,macOS CoreAudio event sounds,macOS CoreAudioイベント音,Apple,26.6.1,26.6.1,25G76,2026-08-09T05:11:22Z,local_installation,https://support.apple.com/macos,,,move to trash,ui_feedback,finder/move to trash.aif,a5a485a447ff2659a1094a9b29762541685a5c4a55b465899a8d283d276fbc9d,2.185828,44100,2,-32.8,-29.0,,,0.1,-0.612,-39.191,-38.444,38.579,39.291,4142.032,161.499,69.109,notification-sound-db-bs1770-v1,ffmpeg version 8.1.2 Copyright (c) 2000-2026 the FFmpeg developers,2026-08-09T04:57:47Z
macos-coreaudio-events,macOS CoreAudio event sounds,macOS CoreAudioイベント音,Apple,26.6.1,26.6.1,25G76,2026-08-09T05:11:22Z,local_installation,https://support.apple.com/macos,,,InkSoundBecomeMouse,ui_feedback,ink/InkSoundBecomeMouse.aif,6bfa241695cde8355fdbd1270c3c732e1ba6fd0c73b1f2f61685c2482d90673c,0.332698,44100,2,-46.4,-45.2,,,-20.3,-21.556,-50.607,-49.02,29.051,30.307,5341.081,4651.172,88.43,notification-sound-db-bs1770-v1,ffmpeg version 8.1.2 Copyright (c) 2000-2026 the FFmpeg developers,2026-08-09T04:57:47Z
macos-coreaudio-events,macOS CoreAudio event sounds,macOS CoreAudioイベント音,Apple,26.6.1,26.6.1,25G76,2026-08-09T05:11:22Z,local_installation,https://support.apple.com/macos,,,InkSoundStroke1,ui_feedback,ink/InkSoundStroke1.aif,2084e46bba6ec70b304e8b44461a4e973a2c43d20f8700f67d0d8b731ce8e417,0.519524,44100,2,-49.7,-47.5,,,-36.7,-36.673,-52.776,-52.07,16.103,16.076,2298.537,258.398,90.669,notification-sound-db-bs1770-v1,ffmpeg version 8.1.2 Copyright (c) 2000-2026 the FFmpeg developers,2026-08-09T04:57:47Z
macos-coreaudio-events,macOS CoreAudio event sounds,macOS CoreAudioイベント音,Apple,26.6.1,26.6.1,25G76,2026-08-09T05:11:22Z,local_installation,https://support.apple.com/macos,,,InkSoundStroke2,ui_feedback,ink/InkSoundStroke2.aif,941c06f5b05bb24dc03508d7245fbc74ae269f0974980ee16818035ae2aba1bb,0.336621,44100,2,-48.5,-46.6,,,-36.1,-36.215,-49.733,-48.798,13.517,13.633,1489.673,1152.026,96.371,notification-sound-db-bs1770-v1,ffmpeg version 8.1.2 Copyright (c) 2000-2026 the FFmpeg developers,2026-08-09T04:57:47Z
macos-coreaudio-events,macOS CoreAudio event sounds,macOS CoreAudioイベント音,Apple,26.6.1,26.6.1,25G76,2026-08-09T05:11:22Z,local_installation,https://support.apple.com/macos,,,InkSoundStroke3,ui_feedback,ink/InkSoundStroke3.aif,7bc8e6d2f0b14fee6b4a54125a786d27fc4842fc35e5f4b74f1ff953f88c1d58,0.759365,44100,2,-43.5,-42.0,,,-33.2,-33.343,-47.962,-47.488,14.618,14.762,1797.89,990.527,95.495,notification-sound-db-bs1770-v1,ffmpeg version 8.1.2 Copyright (c) 2000-2026 the FFmpeg developers,2026-08-09T04:57:47Z
macos-coreaudio-events,macOS CoreAudio event sounds,macOS CoreAudioイベント音,Apple,26.6.1,26.6.1,25G76,2026-08-09T05:11:22Z,local_installation,https://support.apple.com/macos,,,InkSoundStroke4,ui_feedback,ink/InkSoundStroke4.aif,96a630e88ebecf7df2795323c9ea4625a48068bb6a0cb4b4a5927c5102885d68,0.573968,44100,2,-45.8,-42.7,,,-32.6,-32.683,-48.496,-47.906,15.812,15.896,2971.741,1313.525,85.159,notification-sound-db-bs1770-v1,ffmpeg version 8.1.2 Copyright (c) 2000-2026 the FFmpeg developers,2026-08-09T04:57:47Z
macos-coreaudio-events,macOS CoreAudio event sounds,macOS CoreAudioイベント音,Apple,26.6.1,26.6.1,25G76,2026-08-09T05:11:22Z,local_installation,https://support.apple.com/macos,,,jbl_begin,ui_feedback,siri/jbl_begin.caf,d6720298624da9b0f31a0e427fc973d3f13d4947f0d0027273a1f2cdf8038c6a,1.219479,48000,2,-22.3,-20.5,,,-8.5,-8.457,-27.494,-26.127,19.037,18.994,265.612,257.812,98.789,notification-sound-db-bs1770-v1,ffmpeg version 8.1.2 Copyright (c) 2000-2026 the FFmpeg developers,2026-08-09T04:57:47Z
macos-coreaudio-events,macOS CoreAudio event sounds,macOS CoreAudioイベント音,Apple,26.6.1,26.6.1,25G76,2026-08-09T05:11:22Z,local_installation,https://support.apple.com/macos,,,jbl_begin_short,ui_feedback,siri/jbl_begin_short.caf,6252ced91e47624926b40d2fd359abf0e5361e04b6feca4fef204545288533a9,0.936479,48000,2,-22.7,-19.6,,,-10.7,-10.651,-25.394,-24.371,14.743,14.694,263.175,257.812,99.824,notification-sound-db-bs1770-v1,ffmpeg version 8.1.2 Copyright (c) 2000-2026 the FFmpeg developers,2026-08-09T04:57:47Z
macos-coreaudio-events,macOS CoreAudio event sounds,macOS CoreAudioイベント音,Apple,26.6.1,26.6.1,25G76,2026-08-09T05:11:22Z,local_installation,https://support.apple.com/macos,,,jbl_cancel,ui_feedback,siri/jbl_cancel.caf,ca03c4956f3df746e1fa4549de6040497b87db3e282a31f89fcdef25f059981d,1.960646,48000,2,-18.6,-15.9,,,-10.0,-10.0,-24.171,-21.115,14.171,14.171,156.18,128.906,18.566,notification-sound-db-bs1770-v1,ffmpeg version 8.1.2 Copyright (c) 2000-2026 the FFmpeg developers,2026-08-09T04:57:47Z
macos-coreaudio-events,macOS CoreAudio event sounds,macOS CoreAudioイベント音,Apple,26.6.1,26.6.1,25G76,2026-08-09T05:11:22Z,local_installation,https://support.apple.com/macos,,,jbl_confirm,completion,siri/jbl_confirm.caf,f75af3c7eab6938f2f9cf18793349c4b84146373420c68e2bc7bdd5a8f12f215,0.581771,48000,2,-26.8,-23.2,,,-7.2,-7.162,-27.106,-26.087,19.944,19.906,374.475,351.562,99.999,notification-sound-db-bs1770-v1,ffmpeg version 8.1.2 Copyright (c) 2000-2026 the FFmpeg developers,2026-08-09T04:57:48Z
macos-coreaudio-events,macOS CoreAudio event sounds,macOS CoreAudioイベント音,Apple,26.6.1,26.6.1,25G76,2026-08-09T05:11:22Z,local_installation,https://support.apple.com/macos,,,acknowledgment_sent,completion,system/acknowledgment_sent.caf,e29fbb3bdc6a8359f70ee8cfb13132eac00b910d00603bad938172744dbdccfe,0.285927,96000,2,-35.4,-35.4,,,-20.2,-20.25,-36.363,-30.252,16.114,16.163,586.755,562.5,99.997,notification-sound-db-bs1770-v1,ffmpeg version 8.1.2 Copyright (c) 2000-2026 the FFmpeg developers,2026-08-09T04:57:48Z
macos-coreaudio-events,macOS CoreAudio event sounds,macOS CoreAudioイベント音,Apple,26.6.1,26.6.1,25G76,2026-08-09T05:11:22Z,local_installation,https://support.apple.com/macos,,,begin_record,ui_feedback,system/begin_record.caf,9217e677615116679d08c8079c70f79bdd5ec557cadc956b13b53eaa2dc55edc,0.453991,44100,1,-36.5,-33.6,,,-18.0,-18.001,-34.638,-32.84,16.638,16.638,1175.237,1173.56,99.998,notification-sound-db-bs1770-v1,ffmpeg version 8.1.2 Copyright (c) 2000-2026 the FFmpeg developers,2026-08-09T04:57:48Z
macos-coreaudio-events,macOS CoreAudio event sounds,macOS CoreAudioイベント音,Apple,26.6.1,26.6.1,25G76,2026-08-09T05:11:22Z,local_installation,https://support.apple.com/macos,,,burn complete,completion,system/burn complete.aif,c29f806eaaddc3f9a5ceabe102fe492aa5471a68fa8ee9c4b8775cfa8d44587a,0.954127,44100,2,-21.8,-19.5,,,-11.9,-11.977,-25.509,-24.578,13.532,13.609,552.724,592.163,99.932,notification-sound-db-bs1770-v1,ffmpeg version 8.1.2 Copyright (c) 2000-2026 the FFmpeg developers,2026-08-09T04:57:48Z
macos-coreaudio-events,macOS CoreAudio event sounds,macOS CoreAudioイベント音,Apple,26.6.1,26.6.1,25G76,2026-08-09T05:11:22Z,local_installation,https://support.apple.com/macos,,,burn failed,error,system/burn failed.aif,c29f806eaaddc3f9a5ceabe102fe492aa5471a68fa8ee9c4b8775cfa8d44587a,0.954127,44100,2,-21.8,-19.5,,,-11.9,-11.977,-25.509,-24.578,13.532,13.609,552.724,592.163,99.932,notification-sound-db-bs1770-v1,ffmpeg version 8.1.2 Copyright (c) 2000-2026 the FFmpeg developers,2026-08-09T04:57:48Z
macos-coreaudio-events,macOS CoreAudio event sounds,macOS CoreAudioイベント音,Apple,26.6.1,26.6.1,25G76,2026-08-09T05:11:22Z,local_installation,https://support.apple.com/macos,,,end_record,ui_feedback,system/end_record.caf,6cba6b545682ecf905b1c81c6b2cd858dd8436cb31f2dde40cc823ba1743df8e,0.427007,44100,1,-33.1,-32.2,,,-18.0,-18.001,-32.664,-29.785,14.664,14.664,1119.779,1173.56,99.999,notification-sound-db-bs1770-v1,ffmpeg version 8.1.2 Copyright (c) 2000-2026 the FFmpeg developers,2026-08-09T04:57:48Z
macos-coreaudio-events,macOS CoreAudio event sounds,macOS CoreAudioイベント音,Apple,26.6.1,26.6.1,25G76,2026-08-09T05:11:22Z,local_installation,https://support.apple.com/macos,,,Grab,ui_feedback,system/Grab.aif,b81ab305c54039dbdb7ab400a5e1a542b45ac16f3e3a04e4b4dee321456f8ddd,0.492744,44100,2,-30.7,-28.1,,,-12.4,-12.561,-34.786,-33.659,22.225,22.386,5059.727,1884.155,75.918,notification-sound-db-bs1770-v1,ffmpeg version 8.1.2 Copyright (c) 2000-2026 the FFmpeg developers,2026-08-09T04:57:48Z
macos-coreaudio-events,macOS CoreAudio event sounds,macOS CoreAudioイベント音,Apple,26.6.1,26.6.1,25G76,2026-08-09T05:11:22Z,local_installation,https://support.apple.com/macos,,,head_gestures_double_nod,ui_feedback,system/head_gestures_double_nod.caf,49f1fa47f7b19d9d258caa134460a3a94d22ea8d84e53545d3c705871f41d846,1.365333,48000,2,-25.3,-22.5,,,-8.6,-8.57,-30.085,-27.764,21.515,21.485,555.905,527.344,99.597,notification-sound-db-bs1770-v1,ffmpeg version 8.1.2 Copyright (c) 2000-2026 the FFmpeg developers,2026-08-09T04:57:48Z
macos-coreaudio-events,macOS CoreAudio event sounds,macOS CoreAudioイベント音,Apple,26.6.1,26.6.1,25G76,2026-08-09T05:11:22Z,local_installation,https://support.apple.com/macos,,,head_gestures_double_shake,ui_feedback,system/head_gestures_double_shake.caf,650ae0cd514ad76e7127480442195ef3543f37262dd47c6fe92506b3f90336d6,1.247812,48000,2,-20.6,-17.9,,,-7.7,-7.726,-24.909,-23.033,17.183,17.209,270.906,257.812,99.299,notification-sound-db-bs1770-v1,ffmpeg version 8.1.2 Copyright (c) 2000-2026 the FFmpeg developers,2026-08-09T04:57:48Z
macos-coreaudio-events,macOS CoreAudio event sounds,macOS CoreAudioイベント音,Apple,26.6.1,26.6.1,25G76,2026-08-09T05:11:22Z,local_installation,https://support.apple.com/macos,,,head_gestures_partial_nod,ui_feedback,system/head_gestures_partial_nod.caf,e7c9762e32e775b9e2abb749b2cff9ebd7e17c288d2d905b7e2d4d8d093152f8,0.147604,48000,1,-35.5,-35.5,,,-14.3,-14.353,-30.487,-27.827,16.134,16.187,392.875,386.719,99.895,notification-sound-db-bs1770-v1,ffmpeg version 8.1.2 Copyright (c) 2000-2026 the FFmpeg developers,2026-08-09T04:57:48Z
macos-coreaudio-events,macOS CoreAudio event sounds,macOS CoreAudioイベント音,Apple,26.6.1,26.6.1,25G76,2026-08-09T05:11:22Z,local_installation,https://support.apple.com/macos,,,head_gestures_partial_shake,ui_feedback,system/head_gestures_partial_shake.caf,ec2456d589ce5eee0d3aee1c9b8654781aee79255b0c7ebd18ed089e828ccf70,0.125667,48000,1,-31.9,-31.9,,,-10.8,-10.755,-26.095,-24.645,15.34,15.295,330.977,328.125,99.678,notification-sound-db-bs1770-v1,ffmpeg version 8.1.2 Copyright (c) 2000-2026 the FFmpeg developers,2026-08-09T04:57:48Z
macos-coreaudio-events,macOS CoreAudio event sounds,macOS CoreAudioイベント音,Apple,26.6.1,26.6.1,25G76,2026-08-09T05:11:22Z,local_installation,https://support.apple.com/macos,,,Media Keys,ui_feedback,system/Media Keys.aif,b34fda90568997b184168d9a51f992a5a848214330b6c288745aaba1fcba89a2,0.382426,44100,1,-31.2,-31.2,,,-7.0,-7.0,-30.404,-19.35,23.404,23.404,517.494,495.264,99.607,notification-sound-db-bs1770-v1,ffmpeg version 8.1.2 Copyright (c) 2000-2026 the FFmpeg developers,2026-08-09T04:57:48Z
macos-coreaudio-events,macOS CoreAudio event sounds,macOS CoreAudioイベント音,Apple,26.6.1,26.6.1,25G76,2026-08-09T05:11:22Z,local_installation,https://support.apple.com/macos,,,media_handoff,ui_feedback,system/media_handoff.caf,8bd142608704c9486d1ea753c272d68181301bc27fb08e77eec9c10115462502,0.979167,48000,2,-24.2,-23.2,,,-5.0,-4.957,-29.977,-26.97,25.02,24.977,975.139,1042.969,98.867,notification-sound-db-bs1770-v1,ffmpeg version 8.1.2 Copyright (c) 2000-2026 the FFmpeg developers,2026-08-09T04:57:48Z
macos-coreaudio-events,macOS CoreAudio event sounds,macOS CoreAudioイベント音,Apple,26.6.1,26.6.1,25G76,2026-08-09T05:11:22Z,local_installation,https://support.apple.com/macos,,,media_paused,ui_feedback,system/media_paused.caf,361b4cd31cb28d8449732eb288f989fbec9b911dc66c43a25b10877bd840671c,0.590917,48000,2,-20.8,-19.3,,,-9.1,-9.124,-23.126,-19.39,14.002,14.026,261.412,257.812,98.965,notification-sound-db-bs1770-v1,ffmpeg version 8.1.2 Copyright (c) 2000-2026 the FFmpeg developers,2026-08-09T04:57:48Z
macos-coreaudio-events,macOS CoreAudio event sounds,macOS CoreAudioイベント音,Apple,26.6.1,26.6.1,25G76,2026-08-09T05:11:22Z,local_installation,https://support.apple.com/macos,,,mic_mute,call_state,system/mic_mute.caf,855ec0ac42a147aa43b635f7fd30acb09d4b0c77f8f6348c125a04a9d46f4fe4,0.393979,48000,2,-26.6,-25.6,,,-11.9,-11.927,-28.002,-27.099,16.075,16.102,546.095,527.344,99.996,notification-sound-db-bs1770-v1,ffmpeg version 8.1.2 Copyright (c) 2000-2026 the FFmpeg developers,2026-08-09T04:57:48Z
macos-coreaudio-events,macOS CoreAudio event sounds,macOS CoreAudioイベント音,Apple,26.6.1,26.6.1,25G76,2026-08-09T05:11:22Z,local_installation,https://support.apple.com/macos,,,mic_unmute,call_state,system/mic_unmute.caf,ea017aa4b02bfc23282752f73d9045cb8010ebe8746ac48e5fe888417e192f13,0.290708,48000,2,-27.9,-27.9,,,-12.9,-12.918,-29.185,-27.975,16.267,16.285,746.901,703.125,99.99,notification-sound-db-bs1770-v1,ffmpeg version 8.1.2 Copyright (c) 2000-2026 the FFmpeg developers,2026-08-09T04:57:48Z
macos-coreaudio-events,macOS CoreAudio event sounds,macOS CoreAudioイベント音,Apple,26.6.1,26.6.1,25G76,2026-08-09T05:11:22Z,local_installation,https://support.apple.com/macos,,,mic_unmute_fail,call_state,system/mic_unmute_fail.caf,93ffc9916fff779ff04d26d351685c11457e2a3b19d0aba5d1f8a8b11a0d10ab,0.345941,44100,1,-18.4,-16.6,,,-4.8,-4.801,-15.092,-14.888,10.291,10.292,220.298,215.332,91.857,notification-sound-db-bs1770-v1,ffmpeg version 8.1.2 Copyright (c) 2000-2026 the FFmpeg developers,2026-08-09T04:57:49Z
macos-coreaudio-events,macOS CoreAudio event sounds,macOS CoreAudioイベント音,Apple,26.6.1,26.6.1,25G76,2026-08-09T05:11:22Z,local_installation,https://support.apple.com/macos,,,payment_failure,error,system/payment_failure.aif,1e21871cc30bb9c002979b51e9c49ca6d3c0ec05b344c0ed44a20eb273b5ae5f,2.187211,44100,1,-23.8,-22.3,,,-6.0,-6.02,-30.101,-24.964,24.082,24.101,1140.028,1421.191,99.991,notification-sound-db-bs1770-v1,ffmpeg version 8.1.2 Copyright (c) 2000-2026 the FFmpeg developers,2026-08-09T04:57:49Z
macos-coreaudio-events,macOS CoreAudio event sounds,macOS CoreAudioイベント音,Apple,26.6.1,26.6.1,25G76,2026-08-09T05:11:22Z,local_installation,https://support.apple.com/macos,,,payment_success,completion,system/payment_success.aif,2103685898efa7bab9c06ab5ccde5bcedf13b1090dcce6a1e8dbb4d56fec53f2,1.40746,44100,1,-28.2,-25.0,,,-11.0,-10.972,-32.612,-30.266,21.64,21.612,2418.812,2347.119,97.176,notification-sound-db-bs1770-v1,ffmpeg version 8.1.2 Copyright (c) 2000-2026 the FFmpeg developers,2026-08-09T04:57:49Z
macos-coreaudio-events,macOS CoreAudio event sounds,macOS CoreAudioイベント音,Apple,26.6.1,26.6.1,25G76,2026-08-09T05:11:22Z,local_installation,https://support.apple.com/macos,,,Screen Capture,ui_feedback,system/Screen Capture.aif,75ad70232a4d8c64efa427a157b9fce9f3ab2984f4897b63b18b7349e4b33d0f,0.729062,48000,2,-30.6,-29.1,,,-13.9,-13.89,-34.663,-32.37,20.772,20.763,949.37,386.719,97.752,notification-sound-db-bs1770-v1,ffmpeg version 8.1.2 Copyright (c) 2000-2026 the FFmpeg developers,2026-08-09T04:57:49Z
macos-coreaudio-events,macOS CoreAudio event sounds,macOS CoreAudioイベント音,Apple,26.6.1,26.6.1,25G76,2026-08-09T05:11:22Z,local_installation,https://support.apple.com/macos,,,screen_sharing_started,ui_feedback,system/screen_sharing_started.caf,47eb07fc60e98b6834ee70a96cd37226dab0640118426caee7fec53f28789f27,1.486979,48000,2,-21.9,-19.8,,,-7.7,-7.71,-27.842,-24.043,20.132,20.142,499.815,527.344,99.31,notification-sound-db-bs1770-v1,ffmpeg version 8.1.2 Copyright (c) 2000-2026 the FFmpeg developers,2026-08-09T04:57:49Z
macos-coreaudio-events,macOS CoreAudio event sounds,macOS CoreAudioイベント音,Apple,26.6.1,26.6.1,25G76,2026-08-09T05:11:22Z,local_installation,https://support.apple.com/macos,,,SentMessage,completion,system/SentMessage.caf,33a7b80016de5723277f35b0fe4cb5b33fcbe7bf4738680e97f069d6cfc7e8e0,0.494059,44100,2,-20.5,-20.3,,,-10.2,-10.211,-23.547,-21.661,13.337,13.347,409.373,419.897,100.0,notification-sound-db-bs1770-v1,ffmpeg version 8.1.2 Copyright (c) 2000-2026 the FFmpeg developers,2026-08-09T04:57:49Z
macos-coreaudio-events,macOS CoreAudio event sounds,macOS CoreAudioイベント音,Apple,26.6.1,26.6.1,25G76,2026-08-09T05:11:22Z,local_installation,https://support.apple.com/macos,,,Shutter,ui_feedback,system/Shutter.aif,b81ab305c54039dbdb7ab400a5e1a542b45ac16f3e3a04e4b4dee321456f8ddd,0.492744,44100,2,-30.7,-28.1,,,-12.4,-12.561,-34.786,-33.659,22.225,22.386,5059.727,1884.155,75.918,notification-sound-db-bs1770-v1,ffmpeg version 8.1.2 Copyright (c) 2000-2026 the FFmpeg developers,2026-08-09T04:57:48Z
macos-coreaudio-events,macOS CoreAudio event sounds,macOS CoreAudioイベント音,Apple,26.6.1,26.6.1,25G76,2026-08-09T05:11:22Z,local_installation,https://support.apple.com/macos,,,Volume Mount,ui_feedback,system/Volume Mount.aif,f07cda78c1ee25c5ef048523b1498a2dd59e44afdedc81b0f61bda050992d0c4,1.044458,48000,2,-29.2,-27.2,,,-19.4,-19.44,-33.129,-31.916,13.689,13.729,339.158,328.125,64.98,notification-sound-db-bs1770-v1,ffmpeg version 8.1.2 Copyright (c) 2000-2026 the FFmpeg developers,2026-08-09T04:57:49Z
macos-coreaudio-events,macOS CoreAudio event sounds,macOS CoreAudioイベント音,Apple,26.6.1,26.6.1,25G76,2026-08-09T05:11:22Z,local_installation,https://support.apple.com/macos,,,Volume Unmount,ui_feedback,system/Volume Unmount.aif,0988dd73abda21b62ddec8e2c7361d5ee1ca5793ba4858b69a734f1568df55f0,0.569002,44100,2,-35.9,-34.7,,,-22.4,-22.438,-39.259,-38.784,16.821,16.859,1279.314,915.161,80.626,notification-sound-db-bs1770-v1,ffmpeg version 8.1.2 Copyright (c) 2000-2026 the FFmpeg developers,2026-08-09T04:57:49Z
macos-coreaudio-events,macOS CoreAudio event sounds,macOS CoreAudioイベント音,Apple,26.6.1,26.6.1,25G76,2026-08-09T05:11:22Z,local_installation,https://support.apple.com/macos,,,busy_tone_ansi,ui_feedback,telephony/busy_tone_ansi.caf,09c1b40e6985cc651d31e7ff39053f20bdf0220fe0f74e1b76a968f4339e9753,1.0,44100,1,-20.2,-18.6,,,-12.0,-11.984,-21.011,-18.0,9.026,9.011,549.797,624.463,99.969,notification-sound-db-bs1770-v1,ffmpeg version 8.1.2 Copyright (c) 2000-2026 the FFmpeg developers,2026-08-09T04:57:49Z
macos-coreaudio-events,macOS CoreAudio event sounds,macOS CoreAudioイベント音,Apple,26.6.1,26.6.1,25G76,2026-08-09T05:11:22Z,local_installation,https://support.apple.com/macos,,,busy_tone_cept,ui_feedback,telephony/busy_tone_cept.caf,151d6aa6ac1735394749f87fc8b31599b332e93963bcb27e8d8427cebf940011,1.0,44100,1,-23.2,-21.7,,,-18.0,-18.001,-24.021,-21.011,6.02,6.021,424.9,419.897,99.973,notification-sound-db-bs1770-v1,ffmpeg version 8.1.2 Copyright (c) 2000-2026 the FFmpeg developers,2026-08-09T04:57:49Z
macos-coreaudio-events,macOS CoreAudio event sounds,macOS CoreAudioイベント音,Apple,26.6.1,26.6.1,25G76,2026-08-09T05:11:22Z,local_installation,https://support.apple.com/macos,,,call_waiting_tone_ansi,call_state,telephony/call_waiting_tone_ansi.caf,43f1ca7a1817dd7c75cb30cfe7bd06f5d5e37bcbbab424043abcef206724024e,10.0,44100,1,-24.7,-22.9,-31.7,23.0,-18.0,-18.001,-36.239,-21.011,18.239,18.239,439.885,441.431,99.972,notification-sound-db-bs1770-v1,ffmpeg version 8.1.2 Copyright (c) 2000-2026 the FFmpeg developers,2026-08-09T04:57:49Z
macos-coreaudio-events,macOS CoreAudio event sounds,macOS CoreAudioイベント音,Apple,26.6.1,26.6.1,25G76,2026-08-09T05:11:22Z,local_installation,https://support.apple.com/macos,,,call_waiting_tone_cept,call_state,telephony/call_waiting_tone_cept.caf,e728424581b665e207c9c1e97aa01a2f2aa0e870b817b7ebddb90ef1d4bcda4a,8.0,44100,1,-25.7,-24.7,-30.5,3.0,-18.0,-18.001,-31.011,-28.969,13.01,13.011,424.631,419.897,99.9,notification-sound-db-bs1770-v1,ffmpeg version 8.1.2 Copyright (c) 2000-2026 the FFmpeg developers,2026-08-09T04:57:49Z
macos-coreaudio-events,macOS CoreAudio event sounds,macOS CoreAudioイベント音,Apple,26.6.1,26.6.1,25G76,2026-08-09T05:11:22Z,local_installation,https://support.apple.com/macos,,,dtmf-0,ui_feedback,telephony/dtmf-0.caf,fca5bcd1c82cbfaf97573bcf4883415b864b1acf28de6b2477a19080d131b5b0,0.106281,44100,1,-20.2,-17.4,,,-6.0,-6.027,-12.044,-12.044,6.017,6.044,1138.5,1335.059,100.0,notification-sound-db-bs1770-v1,ffmpeg version 8.1.2 Copyright (c) 2000-2026 the FFmpeg developers,2026-08-09T04:57:49Z
macos-coreaudio-events,macOS CoreAudio event sounds,macOS CoreAudioイベント音,Apple,26.6.1,26.6.1,25G76,2026-08-09T05:11:22Z,local_installation,https://support.apple.com/macos,,,dtmf-1,ui_feedback,telephony/dtmf-1.caf,1a9d0a2abce3b9d03c6e26044756cc628e8af449c9a0961796f9936e229cb8b7,0.091814,44100,1,-18.4,-18.4,,,-6.0,-6.022,-12.041,-12.041,6.019,6.041,953.0,1208.965,100.0,notification-sound-db-bs1770-v1,ffmpeg version 8.1.2 Copyright (c) 2000-2026 the FFmpeg developers,2026-08-09T04:57:49Z
macos-coreaudio-events,macOS CoreAudio event sounds,macOS CoreAudioイベント音,Apple,26.6.1,26.6.1,25G76,2026-08-09T05:11:22Z,local_installation,https://support.apple.com/macos,,,dtmf-2,ui_feedback,telephony/dtmf-2.caf,e25fbaad18b54a976a617f82e3c269013d40cad3bbf008141cf02d275a589e53,0.084603,44100,1,-18.5,-18.5,,,-6.0,-6.025,-12.036,-12.036,6.011,6.036,1016.5,1335.647,100.0,notification-sound-db-bs1770-v1,ffmpeg version 8.1.2 Copyright (c) 2000-2026 the FFmpeg developers,2026-08-09T04:57:49Z
macos-coreaudio-events,macOS CoreAudio event sounds,macOS CoreAudioイベント音,Apple,26.6.1,26.6.1,25G76,2026-08-09T05:11:22Z,local_installation,https://support.apple.com/macos,,,dtmf-3,ui_feedback,telephony/dtmf-3.caf,e3ea75f4952cf720e5032ea4f4ee3b0e41d7b8cf7d6144f06cf00383093911bf,0.119138,44100,1,-19.2,-16.8,,,-6.0,-6.022,-12.046,-12.046,6.024,6.046,1087.0,1475.024,100.0,notification-sound-db-bs1770-v1,ffmpeg version 8.1.2 Copyright (c) 2000-2026 the FFmpeg developers,2026-08-09T04:57:50Z
macos-coreaudio-events,macOS CoreAudio event sounds,macOS CoreAudioイベント音,Apple,26.6.1,26.6.1,25G76,2026-08-09T05:11:22Z,local_installation,https://support.apple.com/macos,,,dtmf-4,ui_feedback,telephony/dtmf-4.caf,12a7069e48109436de1514050b24cf8f702b3121211d2e2897aa443a1ed0d84d,0.120771,44100,1,-19.5,-17.1,,,-6.0,-6.024,-12.041,-12.041,6.016,6.041,989.5,1205.859,100.0,notification-sound-db-bs1770-v1,ffmpeg version 8.1.2 Copyright (c) 2000-2026 the FFmpeg developers,2026-08-09T04:57:50Z
macos-coreaudio-events,macOS CoreAudio event sounds,macOS CoreAudioイベント音,Apple,26.6.1,26.6.1,25G76,2026-08-09T05:11:22Z,local_installation,https://support.apple.com/macos,,,dtmf-5,ui_feedback,telephony/dtmf-5.caf,d0eaaf3608ca611aaa14a86677459689919f8a4e95b3948da5dd0b5f2be8550a,0.102562,44100,1,-17.7,-17.7,,,-6.0,-6.022,-12.038,-12.038,6.016,6.038,1053.0,1335.059,100.0,notification-sound-db-bs1770-v1,ffmpeg version 8.1.2 Copyright (c) 2000-2026 the FFmpeg developers,2026-08-09T04:57:50Z
macos-coreaudio-events,macOS CoreAudio event sounds,macOS CoreAudioイベント音,Apple,26.6.1,26.6.1,25G76,2026-08-09T05:11:22Z,local_installation,https://support.apple.com/macos,,,dtmf-6,ui_feedback,telephony/dtmf-6.caf,4d8bf8e4dc06d1c6f3d618150804e15f279640d3633c4f535fb0afa82d85677e,0.127279,44100,1,-18.7,-16.5,,,-6.0,-6.023,-12.043,-12.043,6.02,6.043,1123.5,1475.024,100.0,notification-sound-db-bs1770-v1,ffmpeg version 8.1.2 Copyright (c) 2000-2026 the FFmpeg developers,2026-08-09T04:57:50Z
macos-coreaudio-events,macOS CoreAudio event sounds,macOS CoreAudioイベント音,Apple,26.6.1,26.6.1,25G76,2026-08-09T05:11:22Z,local_installation,https://support.apple.com/macos,,,dtmf-7,ui_feedback,telephony/dtmf-7.caf,44ade49a1db459655002050a3f7e2e44f152d4ce0b35182034704fc3e6ac9ced,0.114989,44100,1,-19.8,-17.3,,,-6.0,-6.025,-12.036,-12.036,6.011,6.036,1030.499,850.562,100.0,notification-sound-db-bs1770-v1,ffmpeg version 8.1.2 Copyright (c) 2000-2026 the FFmpeg developers,2026-08-09T04:57:50Z
macos-coreaudio-events,macOS CoreAudio event sounds,macOS CoreAudioイベント音,Apple,26.6.1,26.6.1,25G76,2026-08-09T05:11:22Z,local_installation,https://support.apple.com/macos,,,dtmf-8,ui_feedback,telephony/dtmf-8.caf,c2502fa678c3123428949f948463425a7c2618bea72fa2ace3976ca9f5bcf029,0.111519,44100,1,-19.8,-17.2,,,-6.0,-6.023,-12.044,-12.044,6.021,6.044,1093.999,1335.059,100.0,notification-sound-db-bs1770-v1,ffmpeg version 8.1.2 Copyright (c) 2000-2026 the FFmpeg developers,2026-08-09T04:57:50Z
macos-coreaudio-events,macOS CoreAudio event sounds,macOS CoreAudioイベント音,Apple,26.6.1,26.6.1,25G76,2026-08-09T05:11:22Z,local_installation,https://support.apple.com/macos,,,dtmf-9,ui_feedback,telephony/dtmf-9.caf,132fab202f5dd5c00ce0bd076ae94a0f8f4e2bb52bde6582248ca8e952629f92,0.105624,44100,1,-20.0,-17.3,,,-6.0,-6.022,-12.041,-12.041,6.019,6.041,1164.5,850.562,100.0,notification-sound-db-bs1770-v1,ffmpeg version 8.1.2 Copyright (c) 2000-2026 the FFmpeg developers,2026-08-09T04:57:50Z
macos-coreaudio-events,macOS CoreAudio event sounds,macOS CoreAudioイベント音,Apple,26.6.1,26.6.1,25G76,2026-08-09T05:11:22Z,local_installation,https://support.apple.com/macos,,,dtmf-pound,ui_feedback,telephony/dtmf-pound.caf,ccc554434c0a45b47027e0aaa9e5b20680b8b28ca9def53ec00166de2604b26f,0.098844,44100,1,-17.5,-17.5,,,-6.0,-6.022,-12.044,-12.044,6.022,6.044,1209.001,1475.024,100.0,notification-sound-db-bs1770-v1,ffmpeg version 8.1.2 Copyright (c) 2000-2026 the FFmpeg developers,2026-08-09T04:57:50Z
macos-coreaudio-events,macOS CoreAudio event sounds,macOS CoreAudioイベント音,Apple,26.6.1,26.6.1,25G76,2026-08-09T05:11:22Z,local_installation,https://support.apple.com/macos,,,dtmf-star,ui_feedback,telephony/dtmf-star.caf,19676ea5a0e56fc6bcdb55a9dc7116ec719739b6f7bdf3f100f98610d47d1d95,0.138141,44100,1,-18.4,-16.5,,,-6.0,-6.044,-12.061,-12.061,6.016,6.061,1074.999,1205.859,100.0,notification-sound-db-bs1770-v1,ffmpeg version 8.1.2 Copyright (c) 2000-2026 the FFmpeg developers,2026-08-09T04:57:50Z
macos-coreaudio-events,macOS CoreAudio event sounds,macOS CoreAudioイベント音,Apple,26.6.1,26.6.1,25G76,2026-08-09T05:11:22Z,local_installation,https://support.apple.com/macos,,,end_call_tone_cept,call_state,telephony/end_call_tone_cept.caf,69b239e1887d55d8086f55e6441732cc964e057097436f54f06eeed99041c365,1.2,44100,1,-24.9,-24.7,,,-18.0,-18.001,-24.021,-23.229,6.02,6.021,424.624,419.897,99.899,notification-sound-db-bs1770-v1,ffmpeg version 8.1.2 Copyright (c) 2000-2026 the FFmpeg developers,2026-08-09T04:57:50Z
macos-coreaudio-events,macOS CoreAudio event sounds,macOS CoreAudioイベント音,Apple,26.6.1,26.6.1,25G76,2026-08-09T05:11:22Z,local_installation,https://support.apple.com/macos,,,ringback_tone_ansi,incoming_call,telephony/ringback_tone_ansi.caf,767de8c851246215a1567a92fd1aa732345f1aa531463819ec60f0e4a2c1460b,6.0,44100,1,-19.0,-18.7,-20.4,9.8,-12.0,-12.0,-22.771,-18.0,10.772,10.771,459.938,441.431,99.986,notification-sound-db-bs1770-v1,ffmpeg version 8.1.2 Copyright (c) 2000-2026 the FFmpeg developers,2026-08-09T04:57:50Z
macos-coreaudio-events,macOS CoreAudio event sounds,macOS CoreAudioイベント音,Apple,26.6.1,26.6.1,25G76,2026-08-09T05:11:22Z,local_installation,https://support.apple.com/macos,,,ringback_tone_cept,incoming_call,telephony/ringback_tone_cept.caf,023b806702e260e9940b9247181be258d9375977d80048b72db84a5334ad9562,5.0,44100,1,-22.4,-21.7,-26.5,10.0,-18.0,-18.001,-28.0,-21.011,10.0,10.0,424.968,419.897,99.991,notification-sound-db-bs1770-v1,ffmpeg version 8.1.2 Copyright (c) 2000-2026 the FFmpeg developers,2026-08-09T04:57:50Z
macos-hearing-mode-event,macOS hearing mode notification,macOSヒアリングモード通知音,Apple,26.6.1,26.6.1,25G76,2026-08-09T05:11:22Z,local_installation,https://support.apple.com/accessibility/hearing,,,NotificationAudioTone,message,NotificationAudioTone.wav,f3b367a0eb4bcbdaa2e69dbbfa0a9f71db1312be1dc604ab675294136f0cc303,1.156042,48000,2,-19.3,-18.2,,,-3.2,-3.152,-25.886,-23.581,22.733,22.686,1050.859,1042.969,99.616,notification-sound-db-bs1770-v1,ffmpeg version 8.1.2 Copyright (c) 2000-2026 the FFmpeg developers,2026-08-09T04:58:38Z
macos-screen-reader-events,macOS VoiceOver event sounds,macOS VoiceOverイベント音,Apple,26.6.1,26.6.1,25G76,2026-08-09T05:11:22Z,local_installation,https://support.apple.com/guide/voiceover/welcome/mac,,,ActionsAvailable,ui_feedback,ActionsAvailable.aiff,80ffa2077896599ddfd305a1dd5ff7e3c1ac3f82f4b943629d9ad7997dbd4acd,0.346875,48000,2,-15.6,-13.8,,,-1.9,-1.939,-15.318,-15.231,13.379,13.418,269.538,281.25,83.488,notification-sound-db-bs1770-v1,ffmpeg version 8.1.2 Copyright (c) 2000-2026 the FFmpeg developers,2026-08-09T04:57:51Z
macos-screen-reader-events,macOS VoiceOver event sounds,macOS VoiceOverイベント音,Apple,26.6.1,26.6.1,25G76,2026-08-09T05:11:22Z,local_installation,https://support.apple.com/guide/voiceover/welcome/mac,,,Alert,ui_feedback,Alert.aiff,a16d826ba22974a2fae9f8fd076bd2d753d91b29f078f1beb814b4fb084ba5bf,0.460816,22050,2,-19.8,-18.4,,,-12.0,-12.04,-21.473,-21.163,9.433,9.473,577.821,586.78,99.999,notification-sound-db-bs1770-v1,ffmpeg version 8.1.2 Copyright (c) 2000-2026 the FFmpeg developers,2026-08-09T04:57:51Z
macos-screen-reader-events,macOS VoiceOver event sounds,macOS VoiceOverイベント音,Apple,26.6.1,26.6.1,25G76,2026-08-09T05:11:22Z,local_installation,https://support.apple.com/guide/voiceover/welcome/mac,,,AlertRepeat,ui_feedback,AlertRepeat.aiff,f29a11c57ca86af56af01f47f8cb85648a7090be008889ff1481674fbae57486,0.316871,22050,2,-21.6,-19.5,,,-12.9,-12.909,-20.943,-20.396,8.034,8.043,588.672,586.78,100.0,notification-sound-db-bs1770-v1,ffmpeg version 8.1.2 Copyright (c) 2000-2026 the FFmpeg developers,2026-08-09T04:57:51Z
macos-screen-reader-events,macOS VoiceOver event sounds,macOS VoiceOverイベント音,Apple,26.6.1,26.6.1,25G76,2026-08-09T05:11:22Z,local_installation,https://support.apple.com/guide/voiceover/welcome/mac,,,AnimationFlyToDownloads,ui_feedback,AnimationFlyToDownloads.aiff,dc78372414e54ed70c7c32cb3904c4bb8c4a91b2b877b2d9781ca0dbb1e60a33,3.687823,44100,2,-18.2,-11.9,-19.8,25.2,-2.2,-2.651,-27.07,-24.478,24.419,24.87,6312.094,5092.603,80.597,notification-sound-db-bs1770-v1,ffmpeg version 8.1.2 Copyright (c) 2000-2026 the FFmpeg developers,2026-08-09T04:57:52Z
macos-screen-reader-events,macOS VoiceOver event sounds,macOS VoiceOverイベント音,Apple,26.6.1,26.6.1,25G76,2026-08-09T05:11:22Z,local_installation,https://support.apple.com/guide/voiceover/welcome/mac,,,AnimationShake,ui_feedback,AnimationShake.aiff,ac8bd13b49f94cb3cfc1562aabf9cb88797c121a22fbe560525af4f941fa396a,0.630204,22050,1,-28.0,-26.1,,,-13.1,-13.094,-27.427,-26.904,14.333,14.327,625.161,414.514,99.993,notification-sound-db-bs1770-v1,ffmpeg version 8.1.2 Copyright (c) 2000-2026 the FFmpeg developers,2026-08-09T04:57:52Z
macos-screen-reader-events,macOS VoiceOver event sounds,macOS VoiceOverイベント音,Apple,26.6.1,26.6.1,25G76,2026-08-09T05:11:22Z,local_installation,https://support.apple.com/guide/voiceover/welcome/mac,,,Announcement,ui_feedback,Announcement.aiff,7a55719f1712f93436c3ff254a195408350e16ca98bb3ca05a1cad49bf8ab7fe,0.341708,48000,2,-24.8,-22.3,,,-10.5,-10.459,-24.526,-23.661,14.068,14.026,816.961,1113.281,100.0,notification-sound-db-bs1770-v1,ffmpeg version 8.1.2 Copyright (c) 2000-2026 the FFmpeg developers,2026-08-09T04:57:52Z
macos-screen-reader-events,macOS VoiceOver event sounds,macOS VoiceOverイベント音,Apple,26.6.1,26.6.1,25G76,2026-08-09T05:11:22Z,local_installation,https://support.apple.com/guide/voiceover/welcome/mac,,,AttachmentBegin,ui_feedback,AttachmentBegin.aiff,b8154f15464967e625a2051d30292859508140fba1fd58d8bdcbefa7d165400c,0.086372,44100,2,-31.3,-31.3,,,-7.4,-8.343,-30.985,-28.611,22.641,23.585,12235.28,16278.446,30.045,notification-sound-db-bs1770-v1,ffmpeg version 8.1.2 Copyright (c) 2000-2026 the FFmpeg developers,2026-08-09T04:57:52Z
macos-screen-reader-events,macOS VoiceOver event sounds,macOS VoiceOverイベント音,Apple,26.6.1,26.6.1,25G76,2026-08-09T05:11:22Z,local_installation,https://support.apple.com/guide/voiceover/welcome/mac,,,AttachmentEnd,ui_feedback,AttachmentEnd.aiff,469cf6040ef6f2a6ec029fc45bc19b30e2ff03c7a4cc5209ee2ddba2cba091d1,0.191179,44100,2,-35.6,-35.6,,,-12.9,-13.879,-38.676,-37.903,24.797,25.776,11175.718,15062.476,29.99,notification-sound-db-bs1770-v1,ffmpeg version 8.1.2 Copyright (c) 2000-2026 the FFmpeg developers,2026-08-09T04:57:52Z
macos-screen-reader-events,macOS VoiceOver event sounds,macOS VoiceOverイベント音,Apple,26.6.1,26.6.1,25G76,2026-08-09T05:11:22Z,local_installation,https://support.apple.com/guide/voiceover/welcome/mac,,,Back,ui_feedback,Back.aiff,c9a8d1263b762f65b72367a5fe05479083f506809125cc4410f8485759910165,0.164762,44100,2,-22.2,-21.2,,,-7.2,-7.185,-19.79,-19.663,12.606,12.59,673.969,764.429,99.311,notification-sound-db-bs1770-v1,ffmpeg version 8.1.2 Copyright (c) 2000-2026 the FFmpeg developers,2026-08-09T04:57:52Z
macos-screen-reader-events,macOS VoiceOver event sounds,macOS VoiceOverイベント音,Apple,26.6.1,26.6.1,25G76,2026-08-09T05:11:22Z,local_installation,https://support.apple.com/guide/voiceover/welcome/mac,,,BackThrough,ui_feedback,BackThrough.aiff,5ca14f2d671eeb06985afc3b0a383b061596f10f861764f855ecc8c0862a8004,0.172177,44100,2,-24.9,-24.2,,,-6.9,-6.857,-23.166,-23.111,16.309,16.266,851.823,764.429,99.067,notification-sound-db-bs1770-v1,ffmpeg version 8.1.2 Copyright (c) 2000-2026 the FFmpeg developers,2026-08-09T04:57:52Z
macos-screen-reader-events,macOS VoiceOver event sounds,macOS VoiceOverイベント音,Apple,26.6.1,26.6.1,25G76,2026-08-09T05:11:22Z,local_installation,https://support.apple.com/guide/voiceover/welcome/mac,,,BrailleChordClockTick,ui_feedback,BrailleChordClockTick.aiff,cf2f9ed1bbf0085b20d6a5a736cd959e1f15498d9cc99f8135b63a3ee1d24c08,0.269388,44100,2,-24.8,-22.0,,,-10.0,-9.963,-24.136,-22.62,14.174,14.136,1206.053,1184.326,100.0,notification-sound-db-bs1770-v1,ffmpeg version 8.1.2 Copyright (c) 2000-2026 the FFmpeg developers,2026-08-09T04:57:52Z
macos-screen-reader-events,macOS VoiceOver event sounds,macOS VoiceOverイベント音,Apple,26.6.1,26.6.1,25G76,2026-08-09T05:11:22Z,local_installation,https://support.apple.com/guide/voiceover/welcome/mac,,,BrailleChordFailed,error,BrailleChordFailed.aiff,b335894765e74ad6b3efefb87c3faaf4eaa47f9e9b32c3a6c7a0406bab0de932,0.110136,44100,2,-17.0,-17.0,,,-3.5,-3.492,-13.389,-12.97,9.897,9.889,210.49,150.732,49.714,notification-sound-db-bs1770-v1,ffmpeg version 8.1.2 Copyright (c) 2000-2026 the FFmpeg developers,2026-08-09T04:57:52Z
macos-screen-reader-events,macOS VoiceOver event sounds,macOS VoiceOverイベント音,Apple,26.6.1,26.6.1,25G76,2026-08-09T05:11:22Z,local_installation,https://support.apple.com/guide/voiceover/welcome/mac,,,BrailleChordMemorize,ui_feedback,BrailleChordMemorize.aiff,742a4fa9439c97e0da15b1aff377e8512e5bd4daa7a09e37a1e69a4d51a54b84,0.245737,44100,2,-24.9,-22.4,,,-8.0,-7.965,-22.733,-22.252,14.767,14.733,496.559,398.364,99.999,notification-sound-db-bs1770-v1,ffmpeg version 8.1.2 Copyright (c) 2000-2026 the FFmpeg developers,2026-08-09T04:57:52Z
macos-screen-reader-events,macOS VoiceOver event sounds,macOS VoiceOverイベント音,Apple,26.6.1,26.6.1,25G76,2026-08-09T05:11:22Z,local_installation,https://support.apple.com/guide/voiceover/welcome/mac,,,BrailleDisplayConnected,ui_feedback,BrailleDisplayConnected.aiff,05f0cb29bfdee2f4305cb687edfc1010296a40fef05c72af06eb6552a014a042,0.363447,44100,2,-22.9,-21.8,,,-9.9,-9.912,-23.809,-23.52,13.897,13.909,537.675,592.163,99.999,notification-sound-db-bs1770-v1,ffmpeg version 8.1.2 Copyright (c) 2000-2026 the FFmpeg developers,2026-08-09T04:57:52Z
macos-screen-reader-events,macOS VoiceOver event sounds,macOS VoiceOverイベント音,Apple,26.6.1,26.6.1,25G76,2026-08-09T05:11:22Z,local_installation,https://support.apple.com/guide/voiceover/welcome/mac,,,BrailleDisplayDisconnected,ui_feedback,BrailleDisplayDisconnected.aiff,4dd505b0b36b8a5b8037d862d3be6ca92417b5578cf8c7c45d57a4dec144cc56,0.378957,44100,2,-15.7,-15.0,,,-1.9,-1.95,-17.022,-16.007,15.072,15.122,326.436,301.465,99.66,notification-sound-db-bs1770-v1,ffmpeg version 8.1.2 Copyright (c) 2000-2026 the FFmpeg developers,2026-08-09T04:57:52Z
macos-screen-reader-events,macOS VoiceOver event sounds,macOS VoiceOverイベント音,Apple,26.6.1,26.6.1,25G76,2026-08-09T05:11:22Z,local_installation,https://support.apple.com/guide/voiceover/welcome/mac,,,BubbleAppear,ui_feedback,BubbleAppear.aiff,1ad6e4855ba40219c74729bfa9390fe7043d68ca62bb5eceda39da7aa5a326fd,0.181633,44100,2,-29.2,-27.7,,,-13.2,-13.231,-26.818,-26.779,13.587,13.618,557.154,484.497,99.998,notification-sound-db-bs1770-v1,ffmpeg version 8.1.2 Copyright (c) 2000-2026 the FFmpeg developers,2026-08-09T04:57:52Z
macos-screen-reader-events,macOS VoiceOver event sounds,macOS VoiceOverイベント音,Apple,26.6.1,26.6.1,25G76,2026-08-09T05:11:22Z,local_installation,https://support.apple.com/guide/voiceover/welcome/mac,,,BubbleDisappear,ui_feedback,BubbleDisappear.aiff,694839873e74e2afa2d1f51fde24a8fc53ca6beb9a1a33510f8aab8408593e44,0.103243,44100,2,-27.4,-27.4,,,-13.1,-13.096,-24.006,-23.867,10.91,10.906,642.544,430.664,99.961,notification-sound-db-bs1770-v1,ffmpeg version 8.1.2 Copyright (c) 2000-2026 the FFmpeg developers,2026-08-09T04:57:52Z
macos-screen-reader-events,macOS VoiceOver event sounds,macOS VoiceOverイベント音,Apple,26.6.1,26.6.1,25G76,2026-08-09T05:11:22Z,local_installation,https://support.apple.com/guide/voiceover/welcome/mac,,,CallOut,call_state,CallOut.aiff,d42c8c59fb90d366737c8f5ac9e0ff46070cdfd4b1ba4000fa8a2e98518ce778,0.024218,44100,2,-22.1,-22.1,,,-8.6,-8.63,-16.175,-15.344,7.545,7.575,4138.244,4129.213,99.999,notification-sound-db-bs1770-v1,ffmpeg version 8.1.2 Copyright (c) 2000-2026 the FFmpeg developers,2026-08-09T04:57:52Z
macos-screen-reader-events,macOS VoiceOver event sounds,macOS VoiceOverイベント音,Apple,26.6.1,26.6.1,25G76,2026-08-09T05:11:22Z,local_installation,https://support.apple.com/guide/voiceover/welcome/mac,,,Capitals,ui_feedback,Capitals.aiff,1b2598300488d85258cf8e00e1f8207a1be4f44fd241806f9ef84886bf43b506,0.159456,44100,2,-36.7,-36.7,,,-21.4,-22.305,-38.593,-35.601,16.288,17.193,4585.022,4102.075,88.563,notification-sound-db-bs1770-v1,ffmpeg version 8.1.2 Copyright (c) 2000-2026 the FFmpeg developers,2026-08-09T04:57:53Z
macos-screen-reader-events,macOS VoiceOver event sounds,macOS VoiceOverイベント音,Apple,26.6.1,26.6.1,25G76,2026-08-09T05:11:22Z,local_installation,https://support.apple.com/guide/voiceover/welcome/mac,,,ClickFast,ui_feedback,ClickFast.aiff,941b58be11b64121f69910e81b16b712a75e34d03d1571fe1c4e3e96acdcfb31,0.059819,44100,2,-26.5,-26.4,,,-7.8,-8.295,-23.395,-23.395,15.1,15.595,2716.49,902.729,93.111,notification-sound-db-bs1770-v1,ffmpeg version 8.1.2 Copyright (c) 2000-2026 the FFmpeg developers,2026-08-09T04:57:53Z
macos-screen-reader-events,macOS VoiceOver event sounds,macOS VoiceOverイベント音,Apple,26.6.1,26.6.1,25G76,2026-08-09T05:11:22Z,local_installation,https://support.apple.com/guide/voiceover/welcome/mac,,,Collaboration,ui_feedback,Collaboration.wav,7bc52b0bc9f4f9f26e3426aece25e9fd099c5563d691dacce398059db0010341,0.02525,48000,2,-39.5,-39.5,,,-15.8,-16.617,-32.944,-28.922,16.327,17.144,3322.285,1465.347,92.868,notification-sound-db-bs1770-v1,ffmpeg version 8.1.2 Copyright (c) 2000-2026 the FFmpeg developers,2026-08-09T04:57:53Z
macos-screen-reader-events,macOS VoiceOver event sounds,macOS VoiceOverイベント音,Apple,26.6.1,26.6.1,25G76,2026-08-09T05:11:22Z,local_installation,https://support.apple.com/guide/voiceover/welcome/mac,,,DragShort,ui_feedback,DragShort.aiff,df39020c0823ea0de611eaa4d41e6e0b9d154076f5b6a2d4d60ae92c809947dc,0.155102,44100,2,-43.3,-41.6,,,-29.2,-29.609,-43.0,-42.557,13.391,13.8,7862.084,312.231,51.21,notification-sound-db-bs1770-v1,ffmpeg version 8.1.2 Copyright (c) 2000-2026 the FFmpeg developers,2026-08-09T04:57:53Z
macos-screen-reader-events,macOS VoiceOver event sounds,macOS VoiceOverイベント音,Apple,26.6.1,26.6.1,25G76,2026-08-09T05:11:22Z,local_installation,https://support.apple.com/guide/voiceover/welcome/mac,,,DrawerClosing,ui_feedback,DrawerClosing.aiff,f4b54557018a9a285c08b2101d4af710caaceccca2ccdb9b0d2606bb1c086c49,0.120317,44100,2,-34.9,-34.9,,,-17.7,-17.679,-31.588,-30.328,13.91,13.888,225.686,129.199,30.478,notification-sound-db-bs1770-v1,ffmpeg version 8.1.2 Copyright (c) 2000-2026 the FFmpeg developers,2026-08-09T04:57:53Z
macos-screen-reader-events,macOS VoiceOver event sounds,macOS VoiceOverイベント音,Apple,26.6.1,26.6.1,25G76,2026-08-09T05:11:22Z,local_installation,https://support.apple.com/guide/voiceover/welcome/mac,,,DrawerOpening,ui_feedback,DrawerOpening.aiff,ec899298467311434f320e8965f1f5022eb580822139a109f84eb1f68e4d39ec,0.122971,44100,2,-30.3,-30.3,,,-10.5,-10.51,-27.343,-25.988,16.833,16.843,265.853,204.565,51.375,notification-sound-db-bs1770-v1,ffmpeg version 8.1.2 Copyright (c) 2000-2026 the FFmpeg developers,2026-08-09T04:57:53Z
macos-screen-reader-events,macOS VoiceOver event sounds,macOS VoiceOverイベント音,Apple,26.6.1,26.6.1,25G76,2026-08-09T05:11:22Z,local_installation,https://support.apple.com/guide/voiceover/welcome/mac,,,DrawOn,ui_feedback,DrawOn.aiff,b6ad6b907f7a6eb4148cc9452ceebb4690a6ba5d9a755c41cabd9d3e83f10b6c,0.041066,44100,2,-37.0,-37.0,,,-14.8,-15.057,-32.576,-31.213,17.519,17.776,2635.561,1266.262,99.225,notification-sound-db-bs1770-v1,ffmpeg version 8.1.2 Copyright (c) 2000-2026 the FFmpeg developers,2026-08-09T04:57:53Z
macos-screen-reader-events,macOS VoiceOver event sounds,macOS VoiceOverイベント音,Apple,26.6.1,26.6.1,25G76,2026-08-09T05:11:22Z,local_installation,https://support.apple.com/guide/voiceover/welcome/mac,,,DrillIn,ui_feedback,DrillIn.aiff,7c44a038d86117219c6f28c2cf7529c1b5f88e21664a9c950b1147d7a3cae582,0.293605,44100,1,-31.1,-30.0,,,-7.3,-7.295,-28.906,-28.378,21.611,21.606,1018.958,559.863,99.976,notification-sound-db-bs1770-v1,ffmpeg version 8.1.2 Copyright (c) 2000-2026 the FFmpeg developers,2026-08-09T04:57:53Z
macos-screen-reader-events,macOS VoiceOver event sounds,macOS VoiceOverイベント音,Apple,26.6.1,26.6.1,25G76,2026-08-09T05:11:22Z,local_installation,https://support.apple.com/guide/voiceover/welcome/mac,,,DrillOut,ui_feedback,DrillOut.aiff,6615aa162e148d5e2403a1a299cc46a45553f5613ba7b0efa1f15d8b0bd488dd,0.304853,44100,2,-31.5,-29.1,,,-9.2,-9.213,-31.295,-30.768,22.082,22.095,925.514,829.028,99.98,notification-sound-db-bs1770-v1,ffmpeg version 8.1.2 Copyright (c) 2000-2026 the FFmpeg developers,2026-08-09T04:57:53Z
macos-screen-reader-events,macOS VoiceOver event sounds,macOS VoiceOverイベント音,Apple,26.6.1,26.6.1,25G76,2026-08-09T05:11:22Z,local_installation,https://support.apple.com/guide/voiceover/welcome/mac,,,ElementBorder,ui_feedback,ElementBorder.aiff,4e087ab6b0c98b1c6954ab3c14294435d03410546073e8f40cb8b16125dc7fa9,0.027392,44100,2,-33.3,-33.3,,,-10.3,-10.474,-27.196,-27.196,16.722,16.896,2949.6,1277.732,99.508,notification-sound-db-bs1770-v1,ffmpeg version 8.1.2 Copyright (c) 2000-2026 the FFmpeg developers,2026-08-09T04:57:53Z
macos-screen-reader-events,macOS VoiceOver event sounds,macOS VoiceOverイベント音,Apple,26.6.1,26.6.1,25G76,2026-08-09T05:11:22Z,local_installation,https://support.apple.com/guide/voiceover/welcome/mac,,,ElementBorderHit,ui_feedback,ElementBorderHit.aiff,be7f046a8c02ecc32bd767c7e489ce1b02b32a80670a48a5abc5cfe07d444d00,0.099025,44100,2,-41.3,-41.3,,,-18.4,-18.369,-38.636,-38.222,20.267,20.236,735.767,376.831,85.904,notification-sound-db-bs1770-v1,ffmpeg version 8.1.2 Copyright (c) 2000-2026 the FFmpeg developers,2026-08-09T04:57:53Z
macos-screen-reader-events,macOS VoiceOver event sounds,macOS VoiceOverイベント音,Apple,26.6.1,26.6.1,25G76,2026-08-09T05:11:22Z,local_installation,https://support.apple.com/guide/voiceover/welcome/mac,,,Ellipsis,ui_feedback,Ellipsis.aiff,a8c5b99b806c3374fb5e1869ec5ecb8e3dcb28a722dced29d6ae0809206a3b5a,0.106825,44100,2,-27.2,-27.2,,,-12.0,-12.019,-26.949,-26.662,14.929,14.949,2060.62,2056.421,99.988,notification-sound-db-bs1770-v1,ffmpeg version 8.1.2 Copyright (c) 2000-2026 the FFmpeg developers,2026-08-09T04:57:53Z
macos-screen-reader-events,macOS VoiceOver event sounds,macOS VoiceOverイベント音,Apple,26.6.1,26.6.1,25G76,2026-08-09T05:11:22Z,local_installation,https://support.apple.com/guide/voiceover/welcome/mac,,,EmptySpace,ui_feedback,EmptySpace.aiff,506b68e8a2c964f5a8d10f65e28570c1632dcf4c019e63de4198fbd879df2cfa,0.092562,44100,2,-35.9,-35.9,,,-15.9,-15.902,-32.336,-31.703,16.435,16.436,363.571,291.695,99.031,notification-sound-db-bs1770-v1,ffmpeg version 8.1.2 Copyright (c) 2000-2026 the FFmpeg developers,2026-08-09T04:57:53Z
macos-screen-reader-events,macOS VoiceOver event sounds,macOS VoiceOverイベント音,Apple,26.6.1,26.6.1,25G76,2026-08-09T05:11:22Z,local_installation,https://support.apple.com/guide/voiceover/welcome/mac,,,EnteringMultiSelect,ui_feedback,EnteringMultiSelect.aiff,fe27ac25781f735b517847adb9f13b0b9266dd9beb48652ea05f649ad2febee0,0.136327,44100,2,-32.8,-32.7,,,-18.9,-18.875,-32.728,-32.174,13.853,13.828,1622.645,1464.258,99.999,notification-sound-db-bs1770-v1,ffmpeg version 8.1.2 Copyright (c) 2000-2026 the FFmpeg developers,2026-08-09T04:57:53Z
macos-screen-reader-events,macOS VoiceOver event sounds,macOS VoiceOverイベント音,Apple,26.6.1,26.6.1,25G76,2026-08-09T05:11:22Z,local_installation,https://support.apple.com/guide/voiceover/welcome/mac,,,EnterInvisibleArea,ui_feedback,EnterInvisibleArea.aiff,fc7f473ff84d1192ebfe12e9919a59fe06439d2db07d30551c77422161b22275,0.234966,44100,2,-25.1,-23.9,,,-13.5,-13.467,-23.889,-23.796,10.422,10.389,443.956,495.264,99.998,notification-sound-db-bs1770-v1,ffmpeg version 8.1.2 Copyright (c) 2000-2026 the FFmpeg developers,2026-08-09T04:57:53Z
macos-screen-reader-events,macOS VoiceOver event sounds,macOS VoiceOverイベント音,Apple,26.6.1,26.6.1,25G76,2026-08-09T05:11:22Z,local_installation,https://support.apple.com/guide/voiceover/welcome/mac,,,EnterVisibleArea,ui_feedback,EnterVisibleArea.aiff,e93af35e4b329587614c4a94cae49acf8278f7fec266880724def270877561d0,0.235737,44100,2,-25.1,-23.9,,,-13.5,-13.468,-23.84,-23.733,10.372,10.34,343.6,290.698,99.945,notification-sound-db-bs1770-v1,ffmpeg version 8.1.2 Copyright (c) 2000-2026 the FFmpeg developers,2026-08-09T04:57:54Z
macos-screen-reader-events,macOS VoiceOver event sounds,macOS VoiceOverイベント音,Apple,26.6.1,26.6.1,25G76,2026-08-09T05:11:22Z,local_installation,https://support.apple.com/guide/voiceover/welcome/mac,,,Error,error,Error.aiff,65d29d42bdd9cc523e240d8a0a72cc292c6e1190933246279226322f85256fc2,0.230295,44100,2,-31.0,-28.6,,,-15.9,-15.919,-28.645,-28.64,12.726,12.745,671.946,656.763,99.962,notification-sound-db-bs1770-v1,ffmpeg version 8.1.2 Copyright (c) 2000-2026 the FFmpeg developers,2026-08-09T04:57:54Z
macos-screen-reader-events,macOS VoiceOver event sounds,macOS VoiceOverイベント音,Apple,26.6.1,26.6.1,25G76,2026-08-09T05:11:22Z,local_installation,https://support.apple.com/guide/voiceover/welcome/mac,,,ExitingMultiSelect,ui_feedback,ExitingMultiSelect.aiff,22f47414993bb293f9d7d77a7cf5158f333d364cc864b9571448e35871d33b12,0.20356,44100,2,-23.4,-21.2,,,-7.5,-7.584,-23.193,-22.893,15.609,15.693,1783.539,1808.789,100.0,notification-sound-db-bs1770-v1,ffmpeg version 8.1.2 Copyright (c) 2000-2026 the FFmpeg developers,2026-08-09T04:57:54Z
macos-screen-reader-events,macOS VoiceOver event sounds,macOS VoiceOverイベント音,Apple,26.6.1,26.6.1,25G76,2026-08-09T05:11:22Z,local_installation,https://support.apple.com/guide/voiceover/welcome/mac,,,Focus,ui_feedback,Focus.aiff,5b762c3816ad45281f35160c09440e913abf9a53ea84b5268c9a40931f52fd2d,0.040295,44100,2,-31.4,-31.4,,,-9.3,-9.46,-26.199,-24.918,16.739,16.899,1664.887,1712.38,99.557,notification-sound-db-bs1770-v1,ffmpeg version 8.1.2 Copyright (c) 2000-2026 the FFmpeg developers,2026-08-09T04:57:54Z
macos-screen-reader-events,macOS VoiceOver event sounds,macOS VoiceOverイベント音,Apple,26.6.1,26.6.1,25G76,2026-08-09T05:11:22Z,local_installation,https://support.apple.com/guide/voiceover/welcome/mac,,,Focus2,ui_feedback,Focus2.aiff,19e121add8e93421c4a6b0bc5f7e43c22f6f9701736f867b7749170338bfb779,0.018503,44100,1,-31.3,-31.3,,,-7.0,-7.061,-20.177,-20.177,13.115,13.177,1897.91,1567.279,100.0,notification-sound-db-bs1770-v1,ffmpeg version 8.1.2 Copyright (c) 2000-2026 the FFmpeg developers,2026-08-09T04:57:54Z
macos-screen-reader-events,macOS VoiceOver event sounds,macOS VoiceOverイベント音,Apple,26.6.1,26.6.1,25G76,2026-08-09T05:11:22Z,local_installation,https://support.apple.com/guide/voiceover/welcome/mac,,,Forward,ui_feedback,Forward.aiff,3b90395c6ca16ee1cd5f513adccb95e191ebb02b878c5b40f07a9dffeafac671,0.173628,44100,2,-24.9,-22.9,,,-8.8,-8.806,-21.774,-21.682,12.968,12.974,461.664,409.131,99.908,notification-sound-db-bs1770-v1,ffmpeg version 8.1.2 Copyright (c) 2000-2026 the FFmpeg developers,2026-08-09T04:57:54Z
macos-screen-reader-events,macOS VoiceOver event sounds,macOS VoiceOverイベント音,Apple,26.6.1,26.6.1,25G76,2026-08-09T05:11:22Z,local_installation,https://support.apple.com/guide/voiceover/welcome/mac,,,ForwardThrough,ui_feedback,ForwardThrough.aiff,dee0c8ebfda043738ee7712114e1d54e1a0761dfbc85da66522ba80adba85c42,0.163651,44100,2,-26.2,-24.1,,,-7.3,-7.328,-22.855,-22.855,15.527,15.555,613.604,409.131,99.064,notification-sound-db-bs1770-v1,ffmpeg version 8.1.2 Copyright (c) 2000-2026 the FFmpeg developers,2026-08-09T04:57:54Z
macos-screen-reader-events,macOS VoiceOver event sounds,macOS VoiceOverイベント音,Apple,26.6.1,26.6.1,25G76,2026-08-09T05:11:22Z,local_installation,https://support.apple.com/guide/voiceover/welcome/mac,,,GuideProgress,ui_feedback,GuideProgress.aiff,867d9579dcfa23747f3e9ee24b781bd5fba4324a030d458b957932388d856e67,0.194917,48000,1,-29.0,-28.8,,,-6.0,-6.0,-25.327,-24.19,19.327,19.327,795.055,785.156,99.965,notification-sound-db-bs1770-v1,ffmpeg version 8.1.2 Copyright (c) 2000-2026 the FFmpeg developers,2026-08-09T04:57:54Z
macos-screen-reader-events,macOS VoiceOver event sounds,macOS VoiceOverイベント音,Apple,26.6.1,26.6.1,25G76,2026-08-09T05:11:22Z,local_installation,https://support.apple.com/guide/voiceover/welcome/mac,,,GuideSuccess,completion,GuideSuccess.aiff,01f0caea66c1ceaee869c22591091127634e9343532ca944b2afb0854f2c8814,1.171,48000,1,-23.0,-20.7,,,-6.0,-6.0,-25.342,-22.581,19.342,19.342,967.923,1042.969,99.985,notification-sound-db-bs1770-v1,ffmpeg version 8.1.2 Copyright (c) 2000-2026 the FFmpeg developers,2026-08-09T04:57:54Z
macos-screen-reader-events,macOS VoiceOver event sounds,macOS VoiceOverイベント音,Apple,26.6.1,26.6.1,25G76,2026-08-09T05:11:22Z,local_installation,https://support.apple.com/guide/voiceover/welcome/mac,,,Hit,ui_feedback,Hit.aiff,1d128837024ff899b0f28371c9cb85fdd09bccfd053d4365cd3f8e3fe762b2ae,0.113424,44100,2,-21.8,-21.8,,,-6.3,-6.261,-18.23,-17.683,11.969,11.93,439.727,139.966,49.633,notification-sound-db-bs1770-v1,ffmpeg version 8.1.2 Copyright (c) 2000-2026 the FFmpeg developers,2026-08-09T04:57:54Z
macos-screen-reader-events,macOS VoiceOver event sounds,macOS VoiceOverイベント音,Apple,26.6.1,26.6.1,25G76,2026-08-09T05:11:22Z,local_installation,https://support.apple.com/guide/voiceover/welcome/mac,,,Indentation,ui_feedback,Indentation.caf,ac9efa1a4bf1950b70d8ab054f7dee96217d9df14e2b2fc8ba3452fd006fe719,0.826009,44100,2,-14.4,-11.0,,,-0.1,-0.1,-16.322,-13.684,16.221,16.222,269.447,258.398,99.854,notification-sound-db-bs1770-v1,ffmpeg version 8.1.2 Copyright (c) 2000-2026 the FFmpeg developers,2026-08-09T04:57:54Z
macos-screen-reader-events,macOS VoiceOver event sounds,macOS VoiceOverイベント音,Apple,26.6.1,26.6.1,25G76,2026-08-09T05:11:22Z,local_installation,https://support.apple.com/guide/voiceover/welcome/mac,,,IntelligenceAvailable,ui_feedback,IntelligenceAvailable.wav,1819b1f1637dad754ca48b89932d6dd22a81b8c4ab624b0c41a16a78ff395a85,0.388125,48000,2,-22.7,-21.1,,,-8.9,-8.937,-25.488,-25.28,16.551,16.588,1617.066,1570.312,99.978,notification-sound-db-bs1770-v1,ffmpeg version 8.1.2 Copyright (c) 2000-2026 the FFmpeg developers,2026-08-09T04:57:54Z
macos-screen-reader-events,macOS VoiceOver event sounds,macOS VoiceOverイベント音,Apple,26.6.1,26.6.1,25G76,2026-08-09T05:11:22Z,local_installation,https://support.apple.com/guide/voiceover/welcome/mac,,,IntelligencePost,ui_feedback,IntelligencePost.wav,1f77bd4536dadcb329a0100fa5843aac00d4f9bf108b6ffae626bbba18b9f367,0.315167,48000,2,-25.4,-22.6,,,-8.0,-8.048,-25.586,-24.751,17.538,17.586,1299.63,1171.875,99.967,notification-sound-db-bs1770-v1,ffmpeg version 8.1.2 Copyright (c) 2000-2026 the FFmpeg developers,2026-08-09T04:57:54Z
macos-screen-reader-events,macOS VoiceOver event sounds,macOS VoiceOverイベント音,Apple,26.6.1,26.6.1,25G76,2026-08-09T05:11:22Z,local_installation,https://support.apple.com/guide/voiceover/welcome/mac,,,IntelligencePre,ui_feedback,IntelligencePre.wav,6a34e0d02f596a0321cc9cc5730ecd56c579fdac9e7ca9b75f1c64bd18420818,0.307271,48000,2,-25.6,-22.7,,,-8.6,-8.598,-25.568,-24.673,16.97,16.968,1605.571,1570.312,99.94,notification-sound-db-bs1770-v1,ffmpeg version 8.1.2 Copyright (c) 2000-2026 the FFmpeg developers,2026-08-09T04:57:54Z
macos-screen-reader-events,macOS VoiceOver event sounds,macOS VoiceOverイベント音,Apple,26.6.1,26.6.1,25G76,2026-08-09T05:11:22Z,local_installation,https://support.apple.com/guide/voiceover/welcome/mac,,,IntelligenceProgress,ui_feedback,IntelligenceProgress.wav,6a34e0d02f596a0321cc9cc5730ecd56c579fdac9e7ca9b75f1c64bd18420818,0.307271,48000,2,-25.6,-22.7,,,-8.6,-8.598,-25.568,-24.673,16.97,16.968,1605.571,1570.312,99.94,notification-sound-db-bs1770-v1,ffmpeg version 8.1.2 Copyright (c) 2000-2026 the FFmpeg developers,2026-08-09T04:57:54Z
macos-screen-reader-events,macOS VoiceOver event sounds,macOS VoiceOverイベント音,Apple,26.6.1,26.6.1,25G76,2026-08-09T05:11:22Z,local_installation,https://support.apple.com/guide/voiceover/welcome/mac,,,Interactable,ui_feedback,Interactable.aiff,c2f9d07e56dc53d78b3d133a95dd6f85a6b3fa52bef18a8a2f0caa2f88369970,0.188821,44100,1,-30.4,-30.4,,,-7.6,-7.571,-26.459,-25.74,18.888,18.859,430.45,430.664,99.05,notification-sound-db-bs1770-v1,ffmpeg version 8.1.2 Copyright (c) 2000-2026 the FFmpeg developers,2026-08-09T04:57:54Z
macos-screen-reader-events,macOS VoiceOver event sounds,macOS VoiceOverイベント音,Apple,26.6.1,26.6.1,25G76,2026-08-09T05:11:22Z,local_installation,https://support.apple.com/guide/voiceover/welcome/mac,,,KBVONotSynched,ui_feedback,KBVONotSynched.aiff,5b41e753561fbdab47cd7c3f62a138c0f95f78981714d76dde28397ff102ecbb,0.722086,44100,2,-23.3,-20.6,,,-9.3,-9.354,-28.271,-28.136,18.917,18.971,1930.059,2034.888,99.181,notification-sound-db-bs1770-v1,ffmpeg version 8.1.2 Copyright (c) 2000-2026 the FFmpeg developers,2026-08-09T04:57:55Z
macos-screen-reader-events,macOS VoiceOver event sounds,macOS VoiceOverイベント音,Apple,26.6.1,26.6.1,25G76,2026-08-09T05:11:22Z,local_installation,https://support.apple.com/guide/voiceover/welcome/mac,,,KBVOSynched,ui_feedback,KBVOSynched.aiff,2ef786a7ad8a859c32ef50e2edce8cf43b8dbf741c1220531514062e40132387,0.868639,44100,2,-23.0,-21.3,,,-11.6,-11.716,-30.105,-28.275,18.389,18.505,2115.805,2347.119,99.329,notification-sound-db-bs1770-v1,ffmpeg version 8.1.2 Copyright (c) 2000-2026 the FFmpeg developers,2026-08-09T04:57:55Z
macos-screen-reader-events,macOS VoiceOver event sounds,macOS VoiceOverイベント音,Apple,26.6.1,26.6.1,25G76,2026-08-09T05:11:22Z,local_installation,https://support.apple.com/guide/voiceover/welcome/mac,,,LayoutChanged,ui_feedback,LayoutChanged.aiff,f1945e9460fb728b5c56355918142c24fbcfa35000eea03d56202d1b49c70208,0.175828,22050,2,-27.3,-27.0,,,-10.7,-10.766,-26.693,-26.536,15.926,15.993,1047.844,1109.04,99.998,notification-sound-db-bs1770-v1,ffmpeg version 8.1.2 Copyright (c) 2000-2026 the FFmpeg developers,2026-08-09T04:57:55Z
macos-screen-reader-events,macOS VoiceOver event sounds,macOS VoiceOverイベント音,Apple,26.6.1,26.6.1,25G76,2026-08-09T05:11:22Z,local_installation,https://support.apple.com/guide/voiceover/welcome/mac,,,LinkBegin,ui_feedback,LinkBegin.aiff,70dcf5f66203caf305795444a094ed8dae0dfaf37eb06b4587eec2e60eb2b9c0,0.051995,44100,2,-31.1,-31.1,,,-7.5,-7.55,-27.844,-26.705,20.294,20.344,2328.164,2442.521,99.55,notification-sound-db-bs1770-v1,ffmpeg version 8.1.2 Copyright (c) 2000-2026 the FFmpeg developers,2026-08-09T04:57:55Z
macos-screen-reader-events,macOS VoiceOver event sounds,macOS VoiceOverイベント音,Apple,26.6.1,26.6.1,25G76,2026-08-09T05:11:22Z,local_installation,https://support.apple.com/guide/voiceover/welcome/mac,,,LinkEnd,ui_feedback,LinkEnd.aiff,753160f2d862b74df25ae9937f918aab77e4b5c70e280cd5daeff07376dece82,0.088209,44100,2,-32.0,-32.0,,,-10.2,-10.283,-29.904,-26.469,19.621,19.704,1612.616,1632.494,99.998,notification-sound-db-bs1770-v1,ffmpeg version 8.1.2 Copyright (c) 2000-2026 the FFmpeg developers,2026-08-09T04:57:55Z
macos-screen-reader-events,macOS VoiceOver event sounds,macOS VoiceOverイベント音,Apple,26.6.1,26.6.1,25G76,2026-08-09T05:11:22Z,local_installation,https://support.apple.com/guide/voiceover/welcome/mac,,,MenuDown,ui_feedback,MenuDown.aiff,0c8000c291ee57ed4ada04fa6139b0669f6d8d1c6102c860f15bdb8f1c2730fa,0.115011,44100,2,-28.3,-28.3,,,-8.6,-8.635,-25.171,-24.563,16.535,16.571,392.04,376.831,95.664,notification-sound-db-bs1770-v1,ffmpeg version 8.1.2 Copyright (c) 2000-2026 the FFmpeg developers,2026-08-09T04:57:55Z
macos-screen-reader-events,macOS VoiceOver event sounds,macOS VoiceOverイベント音,Apple,26.6.1,26.6.1,25G76,2026-08-09T05:11:22Z,local_installation,https://support.apple.com/guide/voiceover/welcome/mac,,,Misspelled,ui_feedback,Misspelled.aiff,f51ad94fe6fbe01be7f81655782c2c7433e0a32ea5fd378319b78c0ed7d990fb,0.148526,44100,2,-24.6,-24.6,,,-2.9,-2.91,-26.002,-24.284,23.092,23.102,3634.909,2013.354,96.89,notification-sound-db-bs1770-v1,ffmpeg version 8.1.2 Copyright (c) 2000-2026 the FFmpeg developers,2026-08-09T04:57:55Z
macos-screen-reader-events,macOS VoiceOver event sounds,macOS VoiceOverイベント音,Apple,26.6.1,26.6.1,25G76,2026-08-09T05:11:22Z,local_installation,https://support.apple.com/guide/voiceover/welcome/mac,,,MoreContentAvailable,ui_feedback,MoreContentAvailable.aiff,5de1f22d150afdf03cfd15c0ead4be3b8d7a79fa6a95036fb0246c6a696753d0,0.283537,22050,2,-19.2,-17.2,,,-2.4,-2.386,-17.86,-17.473,15.473,15.46,254.681,193.799,60.793,notification-sound-db-bs1770-v1,ffmpeg version 8.1.2 Copyright (c) 2000-2026 the FFmpeg developers,2026-08-09T04:57:55Z
macos-screen-reader-events,macOS VoiceOver event sounds,macOS VoiceOverイベント音,Apple,26.6.1,26.6.1,25G76,2026-08-09T05:11:22Z,local_installation,https://support.apple.com/guide/voiceover/welcome/mac,,,MouseDown,ui_feedback,MouseDown.aiff,a04bba06724bfe537c8c7bdd804522a86cb7261ec4feb001812153ab4204272d,0.02356,44100,2,-32.7,-32.7,,,-8.5,-8.904,-26.235,-25.523,17.331,17.735,3869.677,5093.359,98.143,notification-sound-db-bs1770-v1,ffmpeg version 8.1.2 Copyright (c) 2000-2026 the FFmpeg developers,2026-08-09T04:57:55Z
macos-screen-reader-events,macOS VoiceOver event sounds,macOS VoiceOverイベント音,Apple,26.6.1,26.6.1,25G76,2026-08-09T05:11:22Z,local_installation,https://support.apple.com/guide/voiceover/welcome/mac,,,MouseDrag,ui_feedback,MouseDrag.aiff,bffc567690a9e3f7b69a44b8d91b6601d2ca2af052c244670b958fea768340ea,0.3,44100,1,-40.4,-38.5,,,-23.8,-24.743,-40.14,-40.14,15.397,16.34,9973.243,161.499,34.054,notification-sound-db-bs1770-v1,ffmpeg version 8.1.2 Copyright (c) 2000-2026 the FFmpeg developers,2026-08-09T04:57:55Z
macos-screen-reader-events,macOS VoiceOver event sounds,macOS VoiceOverイベント音,Apple,26.6.1,26.6.1,25G76,2026-08-09T05:11:22Z,local_installation,https://support.apple.com/guide/voiceover/welcome/mac,,,MouseUp,ui_feedback,MouseUp.aiff,9169ed80791e9902cdb6c7fef271c9a98f3f18ec8e0912aa196e3812d84a838d,0.027029,44100,2,-37.6,-37.6,,,-13.2,-13.623,-32.02,-30.712,18.397,18.82,4628.381,3403.691,88.86,notification-sound-db-bs1770-v1,ffmpeg version 8.1.2 Copyright (c) 2000-2026 the FFmpeg developers,2026-08-09T04:57:55Z
macos-screen-reader-events,macOS VoiceOver event sounds,macOS VoiceOverイベント音,Apple,26.6.1,26.6.1,25G76,2026-08-09T05:11:22Z,local_installation,https://support.apple.com/guide/voiceover/welcome/mac,,,NotFound,ui_feedback,NotFound.aiff,1c7b9a160a7732f534bd3d880463eff8a45654e484bd19cd09273d5e33ee434f,0.277551,44100,2,-30.9,-28.2,,,-15.5,-15.508,-28.959,-28.328,13.451,13.459,519.391,592.163,99.952,notification-sound-db-bs1770-v1,ffmpeg version 8.1.2 Copyright (c) 2000-2026 the FFmpeg developers,2026-08-09T04:57:55Z
macos-screen-reader-events,macOS VoiceOver event sounds,macOS VoiceOverイベント音,Apple,26.6.1,26.6.1,25G76,2026-08-09T05:11:22Z,local_installation,https://support.apple.com/guide/voiceover/welcome/mac,,,NothingTracking,ui_feedback,NothingTracking.aiff,92b8142fd28333665400a8dd2009645a724a14b3f0e487c475428c16cf643b1b,0.159297,44100,2,-23.4,-23.4,,,-9.8,-9.77,-21.705,-20.822,11.934,11.905,335.428,312.231,99.972,notification-sound-db-bs1770-v1,ffmpeg version 8.1.2 Copyright (c) 2000-2026 the FFmpeg developers,2026-08-09T04:57:55Z
macos-screen-reader-events,macOS VoiceOver event sounds,macOS VoiceOverイベント音,Apple,26.6.1,26.6.1,25G76,2026-08-09T05:11:22Z,local_installation,https://support.apple.com/guide/voiceover/welcome/mac,,,PopupAppeared,ui_feedback,PopupAppeared.aiff,b2ec85222ea8a32306db02030ee5b3611097d240dc0b9aab5e86a7c202d54177,0.186304,44100,2,-24.6,-23.8,,,-10.4,-10.425,-22.903,-22.754,12.478,12.503,503.12,462.964,99.992,notification-sound-db-bs1770-v1,ffmpeg version 8.1.2 Copyright (c) 2000-2026 the FFmpeg developers,2026-08-09T04:57:55Z
macos-screen-reader-events,macOS VoiceOver event sounds,macOS VoiceOverイベント音,Apple,26.6.1,26.6.1,25G76,2026-08-09T05:11:22Z,local_installation,https://support.apple.com/guide/voiceover/welcome/mac,,,QuickNavArrowKeyOff,ui_feedback,QuickNavArrowKeyOff.wav,c44dcac64bb1f7fbe87e498dd24de35f076be52b5825917332da03b2a9e0658c,0.312437,48000,2,-15.6,-15.6,,,-4.0,-4.0,-19.214,-15.728,15.214,15.214,1502.463,1324.219,99.992,notification-sound-db-bs1770-v1,ffmpeg version 8.1.2 Copyright (c) 2000-2026 the FFmpeg developers,2026-08-09T04:57:55Z
macos-screen-reader-events,macOS VoiceOver event sounds,macOS VoiceOverイベント音,Apple,26.6.1,26.6.1,25G76,2026-08-09T05:11:22Z,local_installation,https://support.apple.com/guide/voiceover/welcome/mac,,,QuickNavArrowKeyOn,ui_feedback,QuickNavArrowKeyOn.wav,e88ca7101f5e2a6b27783ea5af0271705b850e715dbf734688f9de8dd31298f4,0.15,48000,2,-18.2,-15.4,,,-4.0,-4.0,-15.849,-15.549,11.849,11.849,1880.715,2097.656,99.997,notification-sound-db-bs1770-v1,ffmpeg version 8.1.2 Copyright (c) 2000-2026 the FFmpeg developers,2026-08-09T04:57:56Z
macos-screen-reader-events,macOS VoiceOver event sounds,macOS VoiceOverイベント音,Apple,26.6.1,26.6.1,25G76,2026-08-09T05:11:22Z,local_installation,https://support.apple.com/guide/voiceover/welcome/mac,,,QuickNavOff,ui_feedback,QuickNavOff.wav,67c57ccd933282c6687549591f64ae7473238c25cf9c9055ff21ce4e13eb707c,0.490729,48000,2,-13.6,-11.2,,,-1.2,-1.2,-16.18,-13.585,14.98,14.98,1178.623,1394.531,99.453,notification-sound-db-bs1770-v1,ffmpeg version 8.1.2 Copyright (c) 2000-2026 the FFmpeg developers,2026-08-09T04:57:56Z
macos-screen-reader-events,macOS VoiceOver event sounds,macOS VoiceOverイベント音,Apple,26.6.1,26.6.1,25G76,2026-08-09T05:11:22Z,local_installation,https://support.apple.com/guide/voiceover/welcome/mac,,,QuickNavOn,ui_feedback,QuickNavOn.wav,42717ac28424fd1047c22df5c1249caf571f0af9764dd58ef1a515b621c82abb,0.267979,48000,2,-14.2,-12.2,,,-1.2,-1.206,-14.785,-14.785,13.579,13.585,1485.075,785.156,99.916,notification-sound-db-bs1770-v1,ffmpeg version 8.1.2 Copyright (c) 2000-2026 the FFmpeg developers,2026-08-09T04:57:56Z
macos-screen-reader-events,macOS VoiceOver event sounds,macOS VoiceOverイベント音,Apple,26.6.1,26.6.1,25G76,2026-08-09T05:11:22Z,local_installation,https://support.apple.com/guide/voiceover/welcome/mac,,,QuickNavSingleKeyOff,ui_feedback,QuickNavSingleKeyOff.wav,050c818b24f4be06cfe2e4112ac9fddb3c851a3f6b7c192095feb71aef1a8a2a,0.242583,48000,2,-18.5,-16.6,,,-6.0,-6.0,-18.136,-17.298,12.136,12.136,1098.445,785.156,99.883,notification-sound-db-bs1770-v1,ffmpeg version 8.1.2 Copyright (c) 2000-2026 the FFmpeg developers,2026-08-09T04:57:56Z
macos-screen-reader-events,macOS VoiceOver event sounds,macOS VoiceOverイベント音,Apple,26.6.1,26.6.1,25G76,2026-08-09T05:11:22Z,local_installation,https://support.apple.com/guide/voiceover/welcome/mac,,,QuickNavSingleKeyOn,ui_feedback,QuickNavSingleKeyOn.wav,dd04bd9229e637dfcfee3c6b9cab8905e644b3c9a78b0c9d6eff8848e737264c,0.223375,48000,2,-18.0,-16.6,,,-6.0,-6.0,-17.767,-17.287,11.767,11.767,1347.475,1570.312,99.992,notification-sound-db-bs1770-v1,ffmpeg version 8.1.2 Copyright (c) 2000-2026 the FFmpeg developers,2026-08-09T04:57:56Z
macos-screen-reader-events,macOS VoiceOver event sounds,macOS VoiceOverイベント音,Apple,26.6.1,26.6.1,25G76,2026-08-09T05:11:22Z,local_installation,https://support.apple.com/guide/voiceover/welcome/mac,,,Ring,ui_feedback,Ring.aiff,6d7b738fd2f7facfaf087be837d82cc4224a59f6053187c08a6bf80d0e73d02a,0.198866,44100,2,-25.7,-23.0,,,-5.9,-5.914,-22.997,-22.316,17.083,17.097,739.366,301.465,65.685,notification-sound-db-bs1770-v1,ffmpeg version 8.1.2 Copyright (c) 2000-2026 the FFmpeg developers,2026-08-09T04:57:56Z
macos-screen-reader-events,macOS VoiceOver event sounds,macOS VoiceOverイベント音,Apple,26.6.1,26.6.1,25G76,2026-08-09T05:11:22Z,local_installation,https://support.apple.com/guide/voiceover/welcome/mac,,,RotorLeft,call_state,RotorLeft.aiff,2634875b6b13ef8e9fc64bb100edc37538bcdebdb327d26173a4375d96194c83,0.094218,44100,2,-37.8,-37.8,,,-18.3,-18.503,-37.889,-37.179,19.386,19.589,8605.982,7084.424,43.22,notification-sound-db-bs1770-v1,ffmpeg version 8.1.2 Copyright (c) 2000-2026 the FFmpeg developers,2026-08-09T04:57:56Z
macos-screen-reader-events,macOS VoiceOver event sounds,macOS VoiceOverイベント音,Apple,26.6.1,26.6.1,25G76,2026-08-09T05:11:22Z,local_installation,https://support.apple.com/guide/voiceover/welcome/mac,,,RotorRight,ui_feedback,RotorRight.aiff,6de0c664e09371e14befce0eea95c2d0b429daf03cf9f4f41199a657bb151e13,0.091882,44100,2,-38.0,-38.0,,,-18.2,-18.507,-37.969,-37.367,19.462,19.769,8359.626,7085.168,53.835,notification-sound-db-bs1770-v1,ffmpeg version 8.1.2 Copyright (c) 2000-2026 the FFmpeg developers,2026-08-09T04:57:56Z
macos-screen-reader-events,macOS VoiceOver event sounds,macOS VoiceOverイベント音,Apple,26.6.1,26.6.1,25G76,2026-08-09T05:11:22Z,local_installation,https://support.apple.com/guide/voiceover/welcome/mac,,,SearchRangeWithinSameElement,ui_feedback,SearchRangeWithinSameElement.aiff,2f9b5bb3660def527146df62ba684d390272249ce8ec962b1620c9de90bd34b1,0.101474,44100,2,-24.4,-24.3,,,-12.6,-12.603,-23.326,-23.262,10.722,10.726,1912.704,1765.723,99.992,notification-sound-db-bs1770-v1,ffmpeg version 8.1.2 Copyright (c) 2000-2026 the FFmpeg developers,2026-08-09T04:57:56Z
macos-screen-reader-events,macOS VoiceOver event sounds,macOS VoiceOverイベント音,Apple,26.6.1,26.6.1,25G76,2026-08-09T05:11:22Z,local_installation,https://support.apple.com/guide/voiceover/welcome/mac,,,SecureCharacter,ui_feedback,SecureCharacter.aiff,c0fb2f572075fd4bd331814be20eaf94d992b8d75bc3c7bc71c54371a58c5b71,0.16932,44100,2,-28.2,-28.2,,,-6.2,-6.159,-30.309,-26.474,24.15,24.109,2802.186,2465.552,98.095,notification-sound-db-bs1770-v1,ffmpeg version 8.1.2 Copyright (c) 2000-2026 the FFmpeg developers,2026-08-09T04:57:56Z
macos-screen-reader-events,macOS VoiceOver event sounds,macOS VoiceOverイベント音,Apple,26.6.1,26.6.1,25G76,2026-08-09T05:11:22Z,local_installation,https://support.apple.com/guide/voiceover/welcome/mac,,,Select,ui_feedback,Select.aiff,69d7b2d5b4d92046c6688e4b3a59e58e06a731dfe5416791afd87b1acadd2d01,0.111361,44100,2,-24.0,-22.9,,,-1.0,-1.04,-22.592,-22.538,21.552,21.592,1732.826,1701.123,99.998,notification-sound-db-bs1770-v1,ffmpeg version 8.1.2 Copyright (c) 2000-2026 the FFmpeg developers,2026-08-09T04:58:36Z
macos-screen-reader-events,macOS VoiceOver event sounds,macOS VoiceOverイベント音,Apple,26.6.1,26.6.1,25G76,2026-08-09T05:11:22Z,local_installation,https://support.apple.com/guide/voiceover/welcome/mac,,,SingleClick,ui_feedback,SingleClick.aiff,f84c1db8c392764da5a0411dc97f4493c45779462d6a0cf4aa1f12dddbbb6908,0.207868,44100,2,-31.4,-30.0,,,-6.0,-6.069,-33.192,-33.024,27.123,27.192,3666.977,732.129,98.481,notification-sound-db-bs1770-v1,ffmpeg version 8.1.2 Copyright (c) 2000-2026 the FFmpeg developers,2026-08-09T04:58:36Z
macos-screen-reader-events,macOS VoiceOver event sounds,macOS VoiceOverイベント音,Apple,26.6.1,26.6.1,25G76,2026-08-09T05:11:22Z,local_installation,https://support.apple.com/guide/voiceover/welcome/mac,,,SpringBack,incoming_call,SpringBack.aiff,134b56cb90383b6ece0bed38fe3b5533e28e6f70da69728797299cc2eba4809e,0.114853,44100,2,-23.6,-23.6,,,-14.1,-14.109,-20.823,-20.636,6.714,6.723,752.842,613.696,99.967,notification-sound-db-bs1770-v1,ffmpeg version 8.1.2 Copyright (c) 2000-2026 the FFmpeg developers,2026-08-09T04:58:36Z
macos-screen-reader-events,macOS VoiceOver event sounds,macOS VoiceOverイベント音,Apple,26.6.1,26.6.1,25G76,2026-08-09T05:11:22Z,local_installation,https://support.apple.com/guide/voiceover/welcome/mac,,,SpringForward,ui_feedback,SpringForward.aiff,ebd7a3a33975c770228fe6d468c74094c2729fd853be448fd05d250c4cabd984,0.114331,44100,2,-23.6,-23.6,,,-14.1,-14.109,-20.768,-20.187,6.66,6.668,578.674,516.797,99.985,notification-sound-db-bs1770-v1,ffmpeg version 8.1.2 Copyright (c) 2000-2026 the FFmpeg developers,2026-08-09T04:58:36Z
macos-screen-reader-events,macOS VoiceOver event sounds,macOS VoiceOverイベント音,Apple,26.6.1,26.6.1,25G76,2026-08-09T05:11:22Z,local_installation,https://support.apple.com/guide/voiceover/welcome/mac,,,StyleChangeDouble,ui_feedback,StyleChangeDouble.aiff,a2a40bac68a9f22cef6b7f46e69e2f577e11b56e74b8cec708dc482eefeb7d78,0.104535,44100,2,-33.9,-33.9,,,-12.3,-12.276,-30.803,-29.641,18.527,18.503,386.868,290.698,98.542,notification-sound-db-bs1770-v1,ffmpeg version 8.1.2 Copyright (c) 2000-2026 the FFmpeg developers,2026-08-09T04:58:36Z
macos-screen-reader-events,macOS VoiceOver event sounds,macOS VoiceOverイベント音,Apple,26.6.1,26.6.1,25G76,2026-08-09T05:11:22Z,local_installation,https://support.apple.com/guide/voiceover/welcome/mac,,,StyleChangeMultiple,ui_feedback,StyleChangeMultiple.aiff,a0fcbdeb6bfdcb8f8b5e3a7c0aa87287189d85d0729a9cb1486f25e3a170338b,0.133719,44100,2,-34.2,-34.2,,,-15.9,-15.921,-32.4,-30.169,16.479,16.5,610.228,387.598,98.838,notification-sound-db-bs1770-v1,ffmpeg version 8.1.2 Copyright (c) 2000-2026 the FFmpeg developers,2026-08-09T04:58:36Z
macos-screen-reader-events,macOS VoiceOver event sounds,macOS VoiceOverイベント音,Apple,26.6.1,26.6.1,25G76,2026-08-09T05:11:22Z,local_installation,https://support.apple.com/guide/voiceover/welcome/mac,,,StyleChangeSingle,ui_feedback,StyleChangeSingle.aiff,c32c986c666eda6371d896b5d7202dbd07232d8ddbcbaf27b4363bd95ff1401c,0.113288,44100,2,-36.1,-36.1,,,-15.9,-15.906,-33.403,-31.892,17.497,17.503,367.907,290.698,98.903,notification-sound-db-bs1770-v1,ffmpeg version 8.1.2 Copyright (c) 2000-2026 the FFmpeg developers,2026-08-09T04:58:36Z
macos-screen-reader-events,macOS VoiceOver event sounds,macOS VoiceOverイベント音,Apple,26.6.1,26.6.1,25G76,2026-08-09T05:11:22Z,local_installation,https://support.apple.com/guide/voiceover/welcome/mac,,,TrackingOff,ui_feedback,TrackingOff.aiff,7423834c90666f026a7340df8bc5b00f8be861d995552da0ced35d2934e611bf,0.276984,44100,2,-23.0,-22.2,,,-14.0,-14.009,-23.115,-22.84,9.106,9.115,602.339,441.431,99.958,notification-sound-db-bs1770-v1,ffmpeg version 8.1.2 Copyright (c) 2000-2026 the FFmpeg developers,2026-08-09T04:58:36Z
macos-screen-reader-events,macOS VoiceOver event sounds,macOS VoiceOverイベント音,Apple,26.6.1,26.6.1,25G76,2026-08-09T05:11:22Z,local_installation,https://support.apple.com/guide/voiceover/welcome/mac,,,TrackingOn,ui_feedback,TrackingOn.aiff,56958ff70fb559567b2f02599bcf33056caf687ad0aea333434707b8f267dbb6,0.279955,44100,2,-21.3,-19.8,,,-14.0,-14.009,-21.163,-20.672,7.155,7.163,923.754,990.527,99.991,notification-sound-db-bs1770-v1,ffmpeg version 8.1.2 Copyright (c) 2000-2026 the FFmpeg developers,2026-08-09T04:58:36Z
macos-screen-reader-events,macOS VoiceOver event sounds,macOS VoiceOverイベント音,Apple,26.6.1,26.6.1,25G76,2026-08-09T05:11:22Z,local_installation,https://support.apple.com/guide/voiceover/welcome/mac,,,TrackingSystemElement,ui_feedback,TrackingSystemElement.aiff,cfef21a324955bf989d1ed0e46a45ed76e50365aef04eb84d037de6c88e3c55a,0.130317,44100,2,-29.1,-27.9,,,-5.9,-6.021,-27.493,-27.482,21.472,21.593,4010.105,4145.142,95.682,notification-sound-db-bs1770-v1,ffmpeg version 8.1.2 Copyright (c) 2000-2026 the FFmpeg developers,2026-08-09T04:58:37Z
macos-screen-reader-events,macOS VoiceOver event sounds,macOS VoiceOverイベント音,Apple,26.6.1,26.6.1,25G76,2026-08-09T05:11:22Z,local_installation,https://support.apple.com/guide/voiceover/welcome/mac,,,WebAreaLoaded,ui_feedback,WebAreaLoaded.aiff,3931db0205cf5b21e5075534d6d4b3ae924ddae16788d06901ad79ba3ffd0076,0.19356,44100,2,-34.4,-31.8,,,-14.4,-14.386,-31.239,-30.924,16.853,16.839,485.92,118.433,41.35,notification-sound-db-bs1770-v1,ffmpeg version 8.1.2 Copyright (c) 2000-2026 the FFmpeg developers,2026-08-09T04:58:37Z
macos-screen-reader-events,macOS VoiceOver event sounds,macOS VoiceOverイベント音,Apple,26.6.1,26.6.1,25G76,2026-08-09T05:11:22Z,local_installation,https://support.apple.com/guide/voiceover/welcome/mac,,,WebPageLoaded,ui_feedback,WebPageLoaded.aiff,1e11e06b89d0eb9cbc4b7a0e1349f531d1c3c828b879577b0445693205b95e0e,0.190612,44100,2,-26.8,-25.6,,,-12.7,-12.762,-25.34,-24.843,12.578,12.64,984.526,1108.96,99.994,notification-sound-db-bs1770-v1,ffmpeg version 8.1.2 Copyright (c) 2000-2026 the FFmpeg developers,2026-08-09T04:58:37Z
macos-screen-reader-events,macOS VoiceOver event sounds,macOS VoiceOverイベント音,Apple,26.6.1,26.6.1,25G76,2026-08-09T05:11:22Z,local_installation,https://support.apple.com/guide/voiceover/welcome/mac,,,WindowActivated,ui_feedback,WindowActivated.aiff,f81507e0e64f471a8d1dbf9d5072c237d081e00c69673f7a01af901f16b12eec,0.187438,44100,2,-23.1,-20.9,,,-10.0,-9.999,-19.806,-19.806,9.807,9.806,301.792,301.465,99.906,notification-sound-db-bs1770-v1,ffmpeg version 8.1.2 Copyright (c) 2000-2026 the FFmpeg developers,2026-08-09T04:58:37Z
macos-screen-reader-events,macOS VoiceOver event sounds,macOS VoiceOverイベント音,Apple,26.6.1,26.6.1,25G76,2026-08-09T05:11:22Z,local_installation,https://support.apple.com/guide/voiceover/welcome/mac,,,WrapBack,ui_feedback,WrapBack.aiff,9ab8458f1f15388f33113199c51e6de33241bd1e4012217b7dee8f722a52996a,0.176372,44100,2,-31.9,-29.5,,,-6.9,-6.937,-30.055,-30.055,23.118,23.155,1353.042,1528.857,99.987,notification-sound-db-bs1770-v1,ffmpeg version 8.1.2 Copyright (c) 2000-2026 the FFmpeg developers,2026-08-09T04:58:37Z
macos-screen-reader-events,macOS VoiceOver event sounds,macOS VoiceOverイベント音,Apple,26.6.1,26.6.1,25G76,2026-08-09T05:11:22Z,local_installation,https://support.apple.com/guide/voiceover/welcome/mac,,,WrapBackHard,ui_feedback,WrapBackHard.aiff,2ac5d91cd35bbb57ad079bfa1ef4fa6300145dc58114050e93354c33744459e9,0.258549,44100,2,-27.0,-25.2,,,-5.8,-5.794,-27.77,-27.77,21.976,21.97,1478.11,1668.823,99.995,notification-sound-db-bs1770-v1,ffmpeg version 8.1.2 Copyright (c) 2000-2026 the FFmpeg developers,2026-08-09T04:58:37Z
macos-screen-reader-events,macOS VoiceOver event sounds,macOS VoiceOverイベント音,Apple,26.6.1,26.6.1,25G76,2026-08-09T05:11:22Z,local_installation,https://support.apple.com/guide/voiceover/welcome/mac,,,WrapBoundary,ui_feedback,WrapBoundary.aiff,78464f2b912dffe5940f733f02d719047f8e9f2afb53fb3956a062b05034b116,0.354785,44100,2,-24.1,-21.3,,,-5.2,-5.238,-23.117,-22.669,17.879,17.917,372.179,376.831,99.09,notification-sound-db-bs1770-v1,ffmpeg version 8.1.2 Copyright (c) 2000-2026 the FFmpeg developers,2026-08-09T04:58:37Z
macos-screen-reader-events,macOS VoiceOver event sounds,macOS VoiceOverイベント音,Apple,26.6.1,26.6.1,25G76,2026-08-09T05:11:22Z,local_installation,https://support.apple.com/guide/voiceover/welcome/mac,,,WrapForward,ui_feedback,WrapForward.aiff,912a94e3c9c02c70dcea913bd41f0262242abac5ad494bf8ae7cda9f1890a773,0.176803,44100,2,-29.5,-29.5,,,-6.9,-6.937,-30.065,-29.351,23.129,23.165,1349.989,559.863,99.986,notification-sound-db-bs1770-v1,ffmpeg version 8.1.2 Copyright (c) 2000-2026 the FFmpeg developers,2026-08-09T04:58:37Z
macos-screen-reader-events,macOS VoiceOver event sounds,macOS VoiceOverイベント音,Apple,26.6.1,26.6.1,25G76,2026-08-09T05:11:22Z,local_installation,https://support.apple.com/guide/voiceover/welcome/mac,,,WrapForwardHard,ui_feedback,WrapForwardHard.aiff,678ffdaca3d6d0be07bbe639120374458f6e47867d534f909a77698195df2542,0.25907,44100,2,-28.1,-26.1,,,-5.3,-5.3,-28.53,-27.82,23.23,23.23,1430.376,419.897,99.99,notification-sound-db-bs1770-v1,ffmpeg version 8.1.2 Copyright (c) 2000-2026 the FFmpeg developers,2026-08-09T04:58:37Z
macos-system,macOS system sounds,macOSシステムサウンド,Apple,26.6.1,26.6.1,25G76,2026-08-09T05:11:22Z,local_installation,https://support.apple.com/macos,,,Basso,system_alert,Basso.aiff,c41b33729b4d7f895073578adb7192bc41571ccec855c6b12d8127a464b05445,0.768479,48000,2,-26.5,-26.5,,,-11.2,-11.216,-31.752,-25.2,20.536,20.552,539.756,644.531,94.346,notification-sound-db-bs1770-v1,ffmpeg version 8.1.2 Copyright (c) 2000-2026 the FFmpeg developers,2026-08-09T04:53:21Z
macos-system,macOS system sounds,macOSシステムサウンド,Apple,26.6.1,26.6.1,25G76,2026-08-09T05:11:22Z,local_installation,https://support.apple.com/macos,,,Blow,system_alert,Blow.aiff,65a0c069511d5a01cf791635e0b3a9dc3f335caf67f5d3579cc0a6c6232f9818,1.401833,48000,2,-22.2,-18.8,,,-10.0,-10.0,-26.53,-24.358,16.53,16.53,408.908,386.719,100.0,notification-sound-db-bs1770-v1,ffmpeg version 8.1.2 Copyright (c) 2000-2026 the FFmpeg developers,2026-08-09T04:53:21Z
macos-system,macOS system sounds,macOSシステムサウンド,Apple,26.6.1,26.6.1,25G76,2026-08-09T05:11:22Z,local_installation,https://support.apple.com/macos,,,Bottle,system_alert,Bottle.aiff,f25c241c230859db895ba46d85c83269652fb318140a6963f233d17dd65a8874,0.773229,48000,2,-26.0,-23.9,,,-11.2,-11.252,-28.834,-25.137,17.581,17.634,212.799,187.5,24.605,notification-sound-db-bs1770-v1,ffmpeg version 8.1.2 Copyright (c) 2000-2026 the FFmpeg developers,2026-08-09T04:53:21Z
macos-system,macOS system sounds,macOSシステムサウンド,Apple,26.6.1,26.6.1,25G76,2026-08-09T05:11:22Z,local_installation,https://support.apple.com/macos,,,Frog,system_alert,Frog.aiff,318a9af15546772bb0ce2bdebc2cd250ae7130d680dbf49835f1cc5960267f99,0.718708,48000,2,-31.1,-31.1,,,-15.3,-15.261,-36.605,-28.454,21.344,21.305,749.293,492.188,97.821,notification-sound-db-bs1770-v1,ffmpeg version 8.1.2 Copyright (c) 2000-2026 the FFmpeg developers,2026-08-09T04:53:21Z
macos-system,macOS system sounds,macOSシステムサウンド,Apple,26.6.1,26.6.1,25G76,2026-08-09T05:11:22Z,local_installation,https://support.apple.com/macos,,,Funk,system_alert,Funk.aiff,e80aff72e57ed223c3d8c8db45db33de99ba92604ddf66b6bd63da8d4c947fbd,2.163458,48000,2,-22.6,-20.4,,,-10.7,-10.66,-29.983,-24.414,19.323,19.283,344.497,316.406,86.493,notification-sound-db-bs1770-v1,ffmpeg version 8.1.2 Copyright (c) 2000-2026 the FFmpeg developers,2026-08-09T04:53:21Z
macos-system,macOS system sounds,macOSシステムサウンド,Apple,26.6.1,26.6.1,25G76,2026-08-09T05:11:22Z,local_installation,https://support.apple.com/macos,,,Glass,system_alert,Glass.aiff,b337d8e01066c30de2f296763609b7e488bb3c6ea817aa875ee999d708433cf9,1.650083,48000,2,-25.8,-22.7,,,-13.6,-14.06,-31.543,-27.941,17.483,17.943,862.701,386.719,97.706,notification-sound-db-bs1770-v1,ffmpeg version 8.1.2 Copyright (c) 2000-2026 the FFmpeg developers,2026-08-09T04:53:21Z
macos-system,macOS system sounds,macOSシステムサウンド,Apple,26.6.1,26.6.1,25G76,2026-08-09T05:11:22Z,local_installation,https://support.apple.com/macos,,,Hero,system_alert,Hero.aiff,93c4c6dab387914ee903e3dbb6932b821928ac26b2254abf8f5642d7cb886b2c,1.056563,48000,2,-19.5,-18.0,,,-5.4,-5.426,-24.423,-22.573,18.997,19.023,332.583,246.094,97.675,notification-sound-db-bs1770-v1,ffmpeg version 8.1.2 Copyright (c) 2000-2026 the FFmpeg developers,2026-08-09T04:53:21Z
macos-system,macOS system sounds,macOSシステムサウンド,Apple,26.6.1,26.6.1,25G76,2026-08-09T05:11:22Z,local_installation,https://support.apple.com/macos,,,Morse,system_alert,Morse.aiff,a78478575060091de47287b23bd8149e5f67d233b21ce771c5b34e2e1805a47f,0.703625,48000,2,-24.6,-24.6,,,-8.5,-8.534,-29.39,-22.378,20.856,20.89,583.309,656.25,99.92,notification-sound-db-bs1770-v1,ffmpeg version 8.1.2 Copyright (c) 2000-2026 the FFmpeg developers,2026-08-09T04:53:21Z
macos-system,macOS system sounds,macOSシステムサウンド,Apple,26.6.1,26.6.1,25G76,2026-08-09T05:11:22Z,local_installation,https://support.apple.com/macos,,,Ping,system_alert,Ping.aiff,c401532c8f53a31203ecce724dcbb6b0167158137536e8fcc1930dfcb75cccfa,1.501521,48000,2,-28.8,-26.2,,,-10.5,-10.559,-34.663,-27.812,24.104,24.163,641.947,527.344,99.985,notification-sound-db-bs1770-v1,ffmpeg version 8.1.2 Copyright (c) 2000-2026 the FFmpeg developers,2026-08-09T04:53:21Z
macos-system,macOS system sounds,macOSシステムサウンド,Apple,26.6.1,26.6.1,25G76,2026-08-09T05:11:22Z,local_installation,https://support.apple.com/macos,,,Pop,ui_feedback,Pop.aiff,ab2ac3ffee11e4a6c33f89717cd7d1f961834bd80252521b1dc4adee1cbbb85d,1.627458,48000,2,-29.0,-29.0,,,-11.1,-11.062,-37.548,-28.655,26.486,26.448,643.019,679.688,99.938,notification-sound-db-bs1770-v1,ffmpeg version 8.1.2 Copyright (c) 2000-2026 the FFmpeg developers,2026-08-09T04:53:21Z
macos-system,macOS system sounds,macOSシステムサウンド,Apple,26.6.1,26.6.1,25G76,2026-08-09T05:11:22Z,local_installation,https://support.apple.com/macos,,,Purr,system_alert,Purr.aiff,3770ff805cf82b7808db972a257e7c9ccca0065ab7cd8eaf148a8df33baeb903,0.757708,48000,2,-31.4,-28.6,,,-10.7,-10.763,-33.86,-30.38,23.097,23.16,698.09,796.875,96.012,notification-sound-db-bs1770-v1,ffmpeg version 8.1.2 Copyright (c) 2000-2026 the FFmpeg developers,2026-08-09T04:53:21Z
macos-system,macOS system sounds,macOSシステムサウンド,Apple,26.6.1,26.6.1,25G76,2026-08-09T05:11:22Z,local_installation,https://support.apple.com/macos,,,Sosumi,system_alert,Sosumi.aiff,f005fdc5ac36488d41891e04e9d66269db95af652b0c6b398fcdb0009f14308d,1.539229,48000,2,-25.5,-24.6,,,-13.7,-13.68,-33.162,-27.417,19.482,19.462,771.45,785.156,99.682,notification-sound-db-bs1770-v1,ffmpeg version 8.1.2 Copyright (c) 2000-2026 the FFmpeg developers,2026-08-09T04:53:21Z
macos-system,macOS system sounds,macOSシステムサウンド,Apple,26.6.1,26.6.1,25G76,2026-08-09T05:11:22Z,local_installation,https://support.apple.com/macos,,,Submarine,system_alert,Submarine.aiff,cbb01d8c8032f0be6e41e60362b51a0e14cb267069a49f4c5bfa97a28a5cb5dd,1.492458,48000,2,-25.7,-21.6,,,-8.9,-8.9,-29.551,-26.2,20.651,20.651,449.655,328.125,99.909,notification-sound-db-bs1770-v1,ffmpeg version 8.1.2 Copyright (c) 2000-2026 the FFmpeg developers,2026-08-09T04:53:21Z
macos-system,macOS system sounds,macOSシステムサウンド,Apple,26.6.1,26.6.1,25G76,2026-08-09T05:11:22Z,local_installation,https://support.apple.com/macos,,,Tink,system_alert,Tink.aiff,b634e9c03bdce413533a51fc32d8a631b39a8621b1ee8f9ab1825b6ca0431702,0.564104,48000,2,-24.7,-24.7,,,-8.8,-8.766,-28.705,-17.212,19.939,19.905,698.608,703.125,99.98,notification-sound-db-bs1770-v1,ffmpeg version 8.1.2 Copyright (c) 2000-2026 the FFmpeg developers,2026-08-09T04:53:21Z
macos-telephony-events,macOS telephony event sounds,macOS通話イベント音,Apple,26.6.1,26.6.1,25G76,2026-08-09T05:11:22Z,local_installation,https://support.apple.com/guide/facetime/welcome/mac,,,busy_tone_cept,call_state,busy_tone_cept.caf,151d6aa6ac1735394749f87fc8b31599b332e93963bcb27e8d8427cebf940011,1.0,44100,1,-23.2,-21.7,,,-18.0,-18.001,-24.021,-21.011,6.02,6.021,424.9,419.897,99.973,notification-sound-db-bs1770-v1,ffmpeg version 8.1.2 Copyright (c) 2000-2026 the FFmpeg developers,2026-08-09T04:57:49Z
macos-telephony-events,macOS telephony event sounds,macOS通話イベント音,Apple,26.6.1,26.6.1,25G76,2026-08-09T05:11:22Z,local_installation,https://support.apple.com/guide/facetime/welcome/mac,,,call_waiting_tone_cept,call_state,call_waiting_tone_cept.caf,e728424581b665e207c9c1e97aa01a2f2aa0e870b817b7ebddb90ef1d4bcda4a,8.0,44100,1,-25.7,-24.7,-30.5,3.0,-18.0,-18.001,-31.011,-28.969,13.01,13.011,424.631,419.897,99.9,notification-sound-db-bs1770-v1,ffmpeg version 8.1.2 Copyright (c) 2000-2026 the FFmpeg developers,2026-08-09T04:57:49Z
macos-telephony-events,macOS telephony event sounds,macOS通話イベント音,Apple,26.6.1,26.6.1,25G76,2026-08-09T05:11:22Z,local_installation,https://support.apple.com/guide/facetime/welcome/mac,,,end_call_tone_cept,call_state,end_call_tone_cept.caf,69b239e1887d55d8086f55e6441732cc964e057097436f54f06eeed99041c365,1.2,44100,1,-24.9,-24.7,,,-18.0,-18.001,-24.021,-23.229,6.02,6.021,424.624,419.897,99.899,notification-sound-db-bs1770-v1,ffmpeg version 8.1.2 Copyright (c) 2000-2026 the FFmpeg developers,2026-08-09T04:57:50Z
macos-telephony-events,macOS telephony event sounds,macOS通話イベント音,Apple,26.6.1,26.6.1,25G76,2026-08-09T05:11:22Z,local_installation,https://support.apple.com/guide/facetime/welcome/mac,,,end_call_tone_cept,call_state,end_call_tone_cept.wav,c03782452c954b4168f99fbb5320c7e3b0be747ec6d3a9f49d0246b009719854,1.2,44100,1,-24.9,-24.7,,,-18.0,-18.001,-24.021,-23.229,6.02,6.021,424.624,419.897,99.899,notification-sound-db-bs1770-v1,ffmpeg version 8.1.2 Copyright (c) 2000-2026 the FFmpeg developers,2026-08-09T04:57:50Z
macos-telephony-events,macOS telephony event sounds,macOS通話イベント音,Apple,26.6.1,26.6.1,25G76,2026-08-09T05:11:22Z,local_installation,https://support.apple.com/guide/facetime/welcome/mac,,,hold,call_state,hold.wav,17f4dc06217ad02e48e4778d8715f578bbf11bc12ee9949715cd67be310824ec,4.5,44100,1,-25.2,-23.0,-28.0,4.3,-16.5,-16.502,-27.295,-26.142,10.794,10.795,415.391,419.897,99.912,notification-sound-db-bs1770-v1,ffmpeg version 8.1.2 Copyright (c) 2000-2026 the FFmpeg developers,2026-08-09T04:57:50Z
macos-telephony-events,macOS telephony event sounds,macOS通話イベント音,Apple,26.6.1,26.6.1,25G76,2026-08-09T05:11:22Z,local_installation,https://support.apple.com/guide/facetime/welcome/mac,,,let-me-join,call_state,let-me-join.caf,bbbd8fdbc41d5ebbdd37e17645add0eaabc5e2bbd285a6fea2991b818a954cef,0.977979,48000,2,-26.0,-23.8,,,-10.3,-10.293,-30.037,-27.693,19.745,19.737,544.603,527.344,99.794,notification-sound-db-bs1770-v1,ffmpeg version 8.1.2 Copyright (c) 2000-2026 the FFmpeg developers,2026-08-09T04:57:51Z
macos-telephony-events,macOS telephony event sounds,macOS通話イベント音,Apple,26.6.1,26.6.1,25G76,2026-08-09T05:11:22Z,local_installation,https://support.apple.com/guide/facetime/welcome/mac,,,multiway-join,call_state,multiway-join.caf,54583e36956825fbf6c03b59023a8c13a5eb81916d607963d43e7429d00f5cb5,0.653673,44100,2,-28.1,-24.8,,,-16.2,-16.176,-29.216,-27.594,13.039,13.016,364.231,258.398,99.981,notification-sound-db-bs1770-v1,ffmpeg version 8.1.2 Copyright (c) 2000-2026 the FFmpeg developers,2026-08-09T04:57:47Z
macos-telephony-events,macOS telephony event sounds,macOS通話イベント音,Apple,26.6.1,26.6.1,25G76,2026-08-09T05:11:22Z,local_installation,https://support.apple.com/guide/facetime/welcome/mac,,,multiway-leave,call_state,multiway-leave.caf,09479555bb409b454be98a33c11e88a15862af78edba73af43143c8b1989d6e6,0.443741,44100,2,-25.8,-24.6,,,-13.7,-13.746,-27.337,-24.845,13.591,13.637,317.089,258.398,99.64,notification-sound-db-bs1770-v1,ffmpeg version 8.1.2 Copyright (c) 2000-2026 the FFmpeg developers,2026-08-09T04:57:47Z
macos-telephony-events,macOS telephony event sounds,macOS通話イベント音,Apple,26.6.1,26.6.1,25G76,2026-08-09T05:11:22Z,local_installation,https://support.apple.com/guide/facetime/welcome/mac,,,mute,call_state,mute.caf,855ec0ac42a147aa43b635f7fd30acb09d4b0c77f8f6348c125a04a9d46f4fe4,0.393979,48000,2,-26.6,-25.6,,,-11.9,-11.927,-28.002,-27.099,16.075,16.102,546.095,527.344,99.996,notification-sound-db-bs1770-v1,ffmpeg version 8.1.2 Copyright (c) 2000-2026 the FFmpeg developers,2026-08-09T04:57:48Z
macos-telephony-events,macOS telephony event sounds,macOS通話イベント音,Apple,26.6.1,26.6.1,25G76,2026-08-09T05:11:22Z,local_installation,https://support.apple.com/guide/facetime/welcome/mac,,,mute_fail,call_state,mute_fail.caf,21e95efddddee62e796ac013ade6f617150fac602fca6fe54db4c6e54bd80c01,0.381667,48000,2,-26.7,-25.5,,,-12.5,-12.469,-27.745,-26.842,15.276,15.245,566.637,527.344,99.994,notification-sound-db-bs1770-v1,ffmpeg version 8.1.2 Copyright (c) 2000-2026 the FFmpeg developers,2026-08-09T04:57:51Z
macos-telephony-events,macOS telephony event sounds,macOS通話イベント音,Apple,26.6.1,26.6.1,25G76,2026-08-09T05:11:22Z,local_installation,https://support.apple.com/guide/facetime/welcome/mac,,,ringback_tone_ansi,incoming_call,ringback_tone_ansi.caf,767de8c851246215a1567a92fd1aa732345f1aa531463819ec60f0e4a2c1460b,6.0,44100,1,-19.0,-18.7,-20.4,9.8,-12.0,-12.0,-22.771,-18.0,10.772,10.771,459.938,441.431,99.986,notification-sound-db-bs1770-v1,ffmpeg version 8.1.2 Copyright (c) 2000-2026 the FFmpeg developers,2026-08-09T04:57:50Z
macos-telephony-events,macOS telephony event sounds,macOS通話イベント音,Apple,26.6.1,26.6.1,25G76,2026-08-09T05:11:22Z,local_installation,https://support.apple.com/guide/facetime/welcome/mac,,,ringback_tone_aus,incoming_call,ringback_tone_aus.caf,d39bb73e0c4d1703b2584dd2a574e05f7b0962a8e3d95e88d974ab13d760061e,3.0,44100,1,-26.6,-24.7,-30.4,9.0,-18.0,-18.001,-29.761,-24.99,11.76,11.761,425.001,398.364,100.0,notification-sound-db-bs1770-v1,ffmpeg version 8.1.2 Copyright (c) 2000-2026 the FFmpeg developers,2026-08-09T04:57:51Z
macos-telephony-events,macOS telephony event sounds,macOS通話イベント音,Apple,26.6.1,26.6.1,25G76,2026-08-09T05:11:22Z,local_installation,https://support.apple.com/guide/facetime/welcome/mac,,,ringback_tone_cept,incoming_call,ringback_tone_cept.caf,023b806702e260e9940b9247181be258d9375977d80048b72db84a5334ad9562,5.0,44100,1,-22.4,-21.7,-26.5,10.0,-18.0,-18.001,-28.0,-21.011,10.0,10.0,424.968,419.897,99.991,notification-sound-db-bs1770-v1,ffmpeg version 8.1.2 Copyright (c) 2000-2026 the FFmpeg developers,2026-08-09T04:57:50Z
macos-telephony-events,macOS telephony event sounds,macOS通話イベント音,Apple,26.6.1,26.6.1,25G76,2026-08-09T05:11:22Z,local_installation,https://support.apple.com/guide/facetime/welcome/mac,,,ringback_tone_hk,incoming_call,ringback_tone_hk.caf,941fc87b65c2f2747b532b66e7c9c2af5f14e7489d7a7c106a89394401ce1596,4.0,44100,1,-20.5,-18.7,-24.4,9.0,-12.0,-11.999,-24.99,-18.969,12.991,12.99,459.673,441.431,99.927,notification-sound-db-bs1770-v1,ffmpeg version 8.1.2 Copyright (c) 2000-2026 the FFmpeg developers,2026-08-09T04:57:51Z
macos-telephony-events,macOS telephony event sounds,macOS通話イベント音,Apple,26.6.1,26.6.1,25G76,2026-08-09T05:11:22Z,local_installation,https://support.apple.com/guide/facetime/welcome/mac,,,ringback_tone_uk,incoming_call,ringback_tone_uk.caf,d880dc1fff5d519307f2bf03c2b786afadfdfe462f223c1d1ac3d07e69980d8a,2.999,16000,2,-14.5,-12.6,,,-12.0,-12.0,-20.756,-15.986,8.756,8.756,424.87,449.219,99.901,notification-sound-db-bs1770-v1,ffmpeg version 8.1.2 Copyright (c) 2000-2026 the FFmpeg developers,2026-08-09T04:57:51Z
macos-telephony-events,macOS telephony event sounds,macOS通話イベント音,Apple,26.6.1,26.6.1,25G76,2026-08-09T05:11:22Z,local_installation,https://support.apple.com/guide/facetime/welcome/mac,,,shareplay_activity,call_state,shareplay_activity.caf,47eb07fc60e98b6834ee70a96cd37226dab0640118426caee7fec53f28789f27,1.486979,48000,2,-21.9,-19.8,,,-7.7,-7.71,-27.842,-24.043,20.132,20.142,499.815,527.344,99.31,notification-sound-db-bs1770-v1,ffmpeg version 8.1.2 Copyright (c) 2000-2026 the FFmpeg developers,2026-08-09T04:57:49Z
macos-telephony-events,macOS telephony event sounds,macOS通話イベント音,Apple,26.6.1,26.6.1,25G76,2026-08-09T05:11:22Z,local_installation,https://support.apple.com/guide/facetime/welcome/mac,,,unmute,call_state,unmute.caf,ea017aa4b02bfc23282752f73d9045cb8010ebe8746ac48e5fe888417e192f13,0.290708,48000,2,-27.9,-27.9,,,-12.9,-12.918,-29.185,-27.975,16.267,16.285,746.901,703.125,99.99,notification-sound-db-bs1770-v1,ffmpeg version 8.1.2 Copyright (c) 2000-2026 the FFmpeg developers,2026-08-09T04:57:48Z
macos-telephony-events,macOS telephony event sounds,macOS通話イベント音,Apple,26.6.1,26.6.1,25G76,2026-08-09T05:11:22Z,local_installation,https://support.apple.com/guide/facetime/welcome/mac,,,vc~callwaitingring,incoming_call,vc~callwaitingring.aif,2740445a24918f597b9452a4f5ac97972b98ca3cdb731850892a8dd6e6b320d1,3.0,44100,2,-5.5,-4.5,-10.2,5.9,-0.1,-0.101,-12.548,-7.367,12.448,12.448,426.984,430.664,100.0,notification-sound-db-bs1770-v1,ffmpeg version 8.1.2 Copyright (c) 2000-2026 the FFmpeg developers,2026-08-09T04:57:51Z
macos-telephony-events,macOS telephony event sounds,macOS通話イベント音,Apple,26.6.1,26.6.1,25G76,2026-08-09T05:11:22Z,local_installation,https://support.apple.com/guide/facetime/welcome/mac,,,vc~ended,call_state,vc~ended.aif,8a0f5899e96f7aa1a2511bc97c91314b6d4fa1352ac18b47d7179d2aca6c9af9,0.9,44100,2,-16.0,-15.0,,,-6.0,-6.0,-20.788,-19.697,14.788,14.788,370.796,333.765,99.518,notification-sound-db-bs1770-v1,ffmpeg version 8.1.2 Copyright (c) 2000-2026 the FFmpeg developers,2026-08-09T04:57:51Z
macos-telephony-events,macOS telephony event sounds,macOS通話イベント音,Apple,26.6.1,26.6.1,25G76,2026-08-09T05:11:22Z,local_installation,https://support.apple.com/guide/facetime/welcome/mac,,,vc~ended,call_state,vc~ended.caf,72c7af8db847590c65a95c82ac0eea28c004fee49bccc19aa822314983d39428,0.9,44100,2,-16.0,-15.0,,,-6.0,-6.0,-20.788,-19.697,14.788,14.788,370.796,333.765,99.518,notification-sound-db-bs1770-v1,ffmpeg version 8.1.2 Copyright (c) 2000-2026 the FFmpeg developers,2026-08-09T04:57:51Z
macos-telephony-events,macOS telephony event sounds,macOS通話イベント音,Apple,26.6.1,26.6.1,25G76,2026-08-09T05:11:22Z,local_installation,https://support.apple.com/guide/facetime/welcome/mac,,,vc~invitation-accepted,call_state,vc~invitation-accepted.caf,f7c27f1fb14de63c51a4930f8b88d5b7124ce7bc911904d2ce1578718cdbdec0,1.399771,48000,2,-19.0,-16.5,,,-7.1,-7.064,-24.013,-22.284,16.949,16.913,390.908,328.125,99.996,notification-sound-db-bs1770-v1,ffmpeg version 8.1.2 Copyright (c) 2000-2026 the FFmpeg developers,2026-08-09T04:57:51Z
macos-telephony-events,macOS telephony event sounds,macOS通話イベント音,Apple,26.6.1,26.6.1,25G76,2026-08-09T05:11:22Z,local_installation,https://support.apple.com/guide/facetime/welcome/mac,,,vc~ringing,incoming_call,vc~ringing.aif,44c307ec8c80cd8a0e44f4c23dfad4dca00214714ef9f41bff4b40f425ad2064,2.998299,44100,2,-10.3,-9.1,,,-3.0,-2.986,-17.71,-11.691,14.724,14.71,288.924,290.698,98.751,notification-sound-db-bs1770-v1,ffmpeg version 8.1.2 Copyright (c) 2000-2026 the FFmpeg developers,2026-08-09T04:57:51Z
macos-user-notifications,macOS user notification bundles,macOSユーザー通知バンドル,Apple,26.6.1,26.6.1,25G76,2026-08-09T05:11:22Z,local_installation,https://support.apple.com/guide/mac-help/change-notifications-settings-mh40583/mac,,,GKInvite,message,Bundles/com.apple.gamecenter.bundle/Contents/Resources/GKInvite.caf,3c5d4661993d46b429b6d3470dae52c241bc80d7054a6ae011747ce316bb53b1,2.7,48000,2,-15.4,-12.9,,,-5.8,-5.907,-20.356,-19.181,14.449,14.556,569.191,398.438,99.925,notification-sound-db-bs1770-v1,ffmpeg version 8.1.2 Copyright (c) 2000-2026 the FFmpeg developers,2026-08-09T04:58:38Z
microsoft-teams,Microsoft Teams,Microsoft Teams,Microsoft,26.6.1,26198.202.4929.7171,26198.202.4929.7171,2026-08-09T05:08:29Z,official_distribution,https://www.microsoft.com/microsoft-teams/download-app,https://statics.teams.cdn.office.net/production-osx/enterprise/webview2/lkg/MicrosoftTeams.pkg,dd5fab62b2003993a49ac86ecdc653500e970e29efd8c8b100f17d0adb30987e,00_teams_basic_notification_r4_default,message,Contents/Resources/00_teams_basic_notification_r4_default.wav,9950da5651418985d2cd4391945277894ea1768c49e523d76cc137bbba44954b,1.132833,48000,2,-22.9,-21.4,,,-13.0,-13.018,-28.513,-25.965,15.495,15.513,604.905,468.75,99.823,notification-sound-db-bs1770-v1,ffmpeg version 8.1.2 Copyright (c) 2000-2026 the FFmpeg developers,2026-08-09T05:08:28Z
microsoft-teams,Microsoft Teams,Microsoft Teams,Microsoft,26.6.1,26198.202.4929.7171,26198.202.4929.7171,2026-08-09T05:08:29Z,official_distribution,https://www.microsoft.com/microsoft-teams/download-app,https://statics.teams.cdn.office.net/production-osx/enterprise/webview2/lkg/MicrosoftTeams.pkg,dd5fab62b2003993a49ac86ecdc653500e970e29efd8c8b100f17d0adb30987e,a2_teams_basic_notification_r4_vibe,message,Contents/Resources/a2_teams_basic_notification_r4_vibe.wav,a564b005114ab8d1b635686382ce58b58a79446bd0b9c437b3db2666f63a5e37,0.958844,44100,2,-33.4,-31.2,,,-19.0,-19.037,-37.232,-34.575,18.195,18.232,405.784,387.598,99.503,notification-sound-db-bs1770-v1,ffmpeg version 8.1.2 Copyright (c) 2000-2026 the FFmpeg developers,2026-08-09T05:08:28Z
microsoft-teams,Microsoft Teams,Microsoft Teams,Microsoft,26.6.1,26198.202.4929.7171,26198.202.4929.7171,2026-08-09T05:08:29Z,official_distribution,https://www.microsoft.com/microsoft-teams/download-app,https://statics.teams.cdn.office.net/production-osx/enterprise/webview2/lkg/MicrosoftTeams.pkg,dd5fab62b2003993a49ac86ecdc653500e970e29efd8c8b100f17d0adb30987e,a3_teams_basic_notification_r4_nudge,message,Contents/Resources/a3_teams_basic_notification_r4_nudge.wav,e219eb5cd26e53b0a9db1fce2404eec52b8df1244ffc390020c3b671cadfaf00,0.71873,44100,2,-26.8,-24.8,,,-16.7,-16.749,-29.573,-28.083,12.824,12.873,336.438,279.932,99.994,notification-sound-db-bs1770-v1,ffmpeg version 8.1.2 Copyright (c) 2000-2026 the FFmpeg developers,2026-08-09T05:08:28Z
microsoft-teams,Microsoft Teams,Microsoft Teams,Microsoft,26.6.1,26198.202.4929.7171,26198.202.4929.7171,2026-08-09T05:08:29Z,official_distribution,https://www.microsoft.com/microsoft-teams/download-app,https://statics.teams.cdn.office.net/production-osx/enterprise/webview2/lkg/MicrosoftTeams.pkg,dd5fab62b2003993a49ac86ecdc653500e970e29efd8c8b100f17d0adb30987e,a4_teams_basic_notification_r4_tap,message,Contents/Resources/a4_teams_basic_notification_r4_tap.wav,f819dd7c42ba17885996cdebcf6cd4bf675a9cddd8610b1d0d442bdcd3a46fd4,0.244535,44100,2,-27.0,-25.6,,,-9.7,-9.706,-25.668,-22.576,15.962,15.968,323.396,236.865,91.312,notification-sound-db-bs1770-v1,ffmpeg version 8.1.2 Copyright (c) 2000-2026 the FFmpeg developers,2026-08-09T05:08:28Z
microsoft-teams,Microsoft Teams,Microsoft Teams,Microsoft,26.6.1,26198.202.4929.7171,26198.202.4929.7171,2026-08-09T05:08:29Z,official_distribution,https://www.microsoft.com/microsoft-teams/download-app,https://statics.teams.cdn.office.net/production-osx/enterprise/webview2/lkg/MicrosoftTeams.pkg,dd5fab62b2003993a49ac86ecdc653500e970e29efd8c8b100f17d0adb30987e,a5_teams_basic_notification_r4_flick,message,Contents/Resources/a5_teams_basic_notification_r4_flick.wav,743fbcdb9b675ed77fe4eb660d252b4835c927025b0c4ae84d5b743964233a62,0.343129,44100,2,-31.6,-29.0,,,-10.7,-10.699,-31.379,-29.642,20.68,20.679,987.829,925.928,99.875,notification-sound-db-bs1770-v1,ffmpeg version 8.1.2 Copyright (c) 2000-2026 the FFmpeg developers,2026-08-09T05:08:28Z
microsoft-teams,Microsoft Teams,Microsoft Teams,Microsoft,26.6.1,26198.202.4929.7171,26198.202.4929.7171,2026-08-09T05:08:29Z,official_distribution,https://www.microsoft.com/microsoft-teams/download-app,https://statics.teams.cdn.office.net/production-osx/enterprise/webview2/lkg/MicrosoftTeams.pkg,dd5fab62b2003993a49ac86ecdc653500e970e29efd8c8b100f17d0adb30987e,a6_teams_basic_notification_r4_pluck,message,Contents/Resources/a6_teams_basic_notification_r4_pluck.wav,8002a3f5306469cdabf32f33e63147618c17838c85b967c66175d6a0b30bca56,0.853741,44100,2,-26.3,-25.2,,,-11.2,-11.222,-30.919,-28.682,19.697,19.719,473.873,516.797,99.536,notification-sound-db-bs1770-v1,ffmpeg version 8.1.2 Copyright (c) 2000-2026 the FFmpeg developers,2026-08-09T05:08:28Z
microsoft-teams,Microsoft Teams,Microsoft Teams,Microsoft,26.6.1,26198.202.4929.7171,26198.202.4929.7171,2026-08-09T05:08:29Z,official_distribution,https://www.microsoft.com/microsoft-teams/download-app,https://statics.teams.cdn.office.net/production-osx/enterprise/webview2/lkg/MicrosoftTeams.pkg,dd5fab62b2003993a49ac86ecdc653500e970e29efd8c8b100f17d0adb30987e,a7_teams_basic_notification_r4_summon,message,Contents/Resources/a7_teams_basic_notification_r4_summon.wav,ca6ccf34a3f2deca0e2fc8b4fcb0a1253c16f1f287022701af6862b512ea0022,0.432925,44100,2,-21.3,-20.1,,,-8.1,-8.126,-22.787,-21.047,14.661,14.687,457.528,462.964,99.948,notification-sound-db-bs1770-v1,ffmpeg version 8.1.2 Copyright (c) 2000-2026 the FFmpeg developers,2026-08-09T05:08:28Z
microsoft-teams,Microsoft Teams,Microsoft Teams,Microsoft,26.6.1,26198.202.4929.7171,26198.202.4929.7171,2026-08-09T05:08:29Z,official_distribution,https://www.microsoft.com/microsoft-teams/download-app,https://statics.teams.cdn.office.net/production-osx/enterprise/webview2/lkg/MicrosoftTeams.pkg,dd5fab62b2003993a49ac86ecdc653500e970e29efd8c8b100f17d0adb30987e,a8_teams_basic_notification_r4_ping,message,Contents/Resources/a8_teams_basic_notification_r4_ping.wav,12b8351e81080ab3fa97fd8bbef5902c9c9ef564bf1257b0f032545cb78ef001,0.908934,44100,2,-20.0,-17.9,,,-8.4,-8.432,-24.089,-21.225,15.657,15.689,644.253,462.964,99.993,notification-sound-db-bs1770-v1,ffmpeg version 8.1.2 Copyright (c) 2000-2026 the FFmpeg developers,2026-08-09T05:08:28Z
microsoft-teams,Microsoft Teams,Microsoft Teams,Microsoft,26.6.1,26198.202.4929.7171,26198.202.4929.7171,2026-08-09T05:08:29Z,official_distribution,https://www.microsoft.com/microsoft-teams/download-app,https://statics.teams.cdn.office.net/production-osx/enterprise/webview2/lkg/MicrosoftTeams.pkg,dd5fab62b2003993a49ac86ecdc653500e970e29efd8c8b100f17d0adb30987e,b2_teams_urgent_notification_r4_prioritize,message,Contents/Resources/b2_teams_urgent_notification_r4_prioritize.wav,7d79e87fa2f9d64e63195b1c71e185a10740ab6f7ae513714df67bce26b015c7,1.549365,44100,2,-18.7,-16.0,,,-8.1,-8.126,-22.831,-21.536,14.705,14.731,949.811,936.694,100.0,notification-sound-db-bs1770-v1,ffmpeg version 8.1.2 Copyright (c) 2000-2026 the FFmpeg developers,2026-08-09T05:08:28Z
microsoft-teams,Microsoft Teams,Microsoft Teams,Microsoft,26.6.1,26198.202.4929.7171,26198.202.4929.7171,2026-08-09T05:08:29Z,official_distribution,https://www.microsoft.com/microsoft-teams/download-app,https://statics.teams.cdn.office.net/production-osx/enterprise/webview2/lkg/MicrosoftTeams.pkg,dd5fab62b2003993a49ac86ecdc653500e970e29efd8c8b100f17d0adb30987e,b3_teams_urgent_notification_r4_escalate,message,Contents/Resources/b3_teams_urgent_notification_r4_escalate.wav,07a76488ef36a7777db94f4881f3633854eb6ec6993d0b235debcd5565f08676,2.247098,44100,2,-14.3,-12.4,,,-7.2,-7.349,-18.43,-17.633,11.081,11.23,1148.209,915.161,99.815,notification-sound-db-bs1770-v1,ffmpeg version 8.1.2 Copyright (c) 2000-2026 the FFmpeg developers,2026-08-09T05:08:28Z
microsoft-teams,Microsoft Teams,Microsoft Teams,Microsoft,26.6.1,26198.202.4929.7171,26198.202.4929.7171,2026-08-09T05:08:29Z,official_distribution,https://www.microsoft.com/microsoft-teams/download-app,https://statics.teams.cdn.office.net/production-osx/enterprise/webview2/lkg/MicrosoftTeams.pkg,dd5fab62b2003993a49ac86ecdc653500e970e29efd8c8b100f17d0adb30987e,b4_teams_urgent_notification_r4_alarm,message,Contents/Resources/b4_teams_urgent_notification_r4_alarm.wav,c5c76a0926a6eaea33ad14a48ce94c3d3d41781481a0fb1ae190949500dc36bc,2.625238,44100,2,-11.6,-8.5,,,-2.4,-2.43,-17.159,-16.752,14.729,14.759,2810.108,3068.481,93.936,notification-sound-db-bs1770-v1,ffmpeg version 8.1.2 Copyright (c) 2000-2026 the FFmpeg developers,2026-08-09T05:08:28Z
microsoft-teams,Microsoft Teams,Microsoft Teams,Microsoft,26.6.1,26198.202.4929.7171,26198.202.4929.7171,2026-08-09T05:08:29Z,official_distribution,https://www.microsoft.com/microsoft-teams/download-app,https://statics.teams.cdn.office.net/production-osx/enterprise/webview2/lkg/MicrosoftTeams.pkg,dd5fab62b2003993a49ac86ecdc653500e970e29efd8c8b100f17d0adb30987e,primary-notification-level10,message,Contents/Resources/primary-notification-level10.wav,f3b7606c75d76399a9652b3d36eee3caac4b56f864288c9b65a696942e3f57ea,1.12068,44100,2,-37.0,-30.9,,,-21.4,-21.395,-37.056,-36.647,15.661,15.656,326.136,258.398,99.839,notification-sound-db-bs1770-v1,ffmpeg version 8.1.2 Copyright (c) 2000-2026 the FFmpeg developers,2026-08-09T05:08:28Z
microsoft-teams,Microsoft Teams,Microsoft Teams,Microsoft,26.6.1,26198.202.4929.7171,26198.202.4929.7171,2026-08-09T05:08:29Z,official_distribution,https://www.microsoft.com/microsoft-teams/download-app,https://statics.teams.cdn.office.net/production-osx/enterprise/webview2/lkg/MicrosoftTeams.pkg,dd5fab62b2003993a49ac86ecdc653500e970e29efd8c8b100f17d0adb30987e,primary-notification-level20,message,Contents/Resources/primary-notification-level20.wav,fe8a9185007a146290ea33f505ced047674628f2680946db24c6511d57d673a7,1.228413,44100,2,-31.9,-26.7,,,-14.9,-14.886,-33.691,-32.968,18.806,18.791,387.948,387.598,99.853,notification-sound-db-bs1770-v1,ffmpeg version 8.1.2 Copyright (c) 2000-2026 the FFmpeg developers,2026-08-09T05:08:29Z
microsoft-teams,Microsoft Teams,Microsoft Teams,Microsoft,26.6.1,26198.202.4929.7171,26198.202.4929.7171,2026-08-09T05:08:29Z,official_distribution,https://www.microsoft.com/microsoft-teams/download-app,https://statics.teams.cdn.office.net/production-osx/enterprise/webview2/lkg/MicrosoftTeams.pkg,dd5fab62b2003993a49ac86ecdc653500e970e29efd8c8b100f17d0adb30987e,primary-notification-level30,message,Contents/Resources/primary-notification-level30.wav,6c41c1b9c3b1f2cbb58c05b45ce55ddd39dc47b928e19fa3fc1b2cf251f70c67,1.355896,44100,2,-22.0,-21.0,,,-12.2,-12.177,-28.456,-27.468,16.278,16.256,319.603,258.398,99.002,notification-sound-db-bs1770-v1,ffmpeg version 8.1.2 Copyright (c) 2000-2026 the FFmpeg developers,2026-08-09T05:08:29Z
microsoft-teams,Microsoft Teams,Microsoft Teams,Microsoft,26.6.1,26198.202.4929.7171,26198.202.4929.7171,2026-08-09T05:08:29Z,official_distribution,https://www.microsoft.com/microsoft-teams/download-app,https://statics.teams.cdn.office.net/production-osx/enterprise/webview2/lkg/MicrosoftTeams.pkg,dd5fab62b2003993a49ac86ecdc653500e970e29efd8c8b100f17d0adb30987e,primary-notification-level40,message,Contents/Resources/primary-notification-level40.wav,ed202c0396fa7a0451bf3d8419e852d4ade2ac91c23995549294023a243afd49,1.165737,44100,2,-19.5,-17.1,,,-11.1,-11.143,-23.527,-22.592,12.384,12.427,406.401,322.998,99.522,notification-sound-db-bs1770-v1,ffmpeg version 8.1.2 Copyright (c) 2000-2026 the FFmpeg developers,2026-08-09T05:08:29Z
microsoft-teams,Microsoft Teams,Microsoft Teams,Microsoft,26.6.1,26198.202.4929.7171,26198.202.4929.7171,2026-08-09T05:08:29Z,official_distribution,https://www.microsoft.com/microsoft-teams/download-app,https://statics.teams.cdn.office.net/production-osx/enterprise/webview2/lkg/MicrosoftTeams.pkg,dd5fab62b2003993a49ac86ecdc653500e970e29efd8c8b100f17d0adb30987e,primary-notification-level50,message,Contents/Resources/primary-notification-level50.wav,a50f5280f96a51eaa8753723c1589f51ec5fe451b29c1d1e172afa075ab1d788,1.297007,44100,2,-16.8,-14.4,,,-8.0,-7.985,-20.932,-20.594,12.947,12.932,416.143,258.398,99.5,notification-sound-db-bs1770-v1,ffmpeg version 8.1.2 Copyright (c) 2000-2026 the FFmpeg developers,2026-08-09T05:08:29Z
slack,Slack,Slack,Slack Technologies,26.6.1,4.51.180,451000180,2026-08-09T05:11:22Z,local_installation,https://slack.com/downloads/mac,,,animal_stick,message,Contents/Resources/animal_stick.mp3,3d259ed0c2ff734f82ab61834637fe6e6f131e00ec5f0aae0edd3c857bb14aef,0.417959,44100,2,-31.8,-28.7,,,-12.7,-12.716,-31.675,-30.515,18.959,18.975,799.337,721.362,92.965,notification-sound-db-bs1770-v1,ffmpeg version 8.1.2 Copyright (c) 2000-2026 the FFmpeg developers,2026-08-09T04:53:23Z
slack,Slack,Slack,Slack Technologies,26.6.1,4.51.180,451000180,2026-08-09T05:11:22Z,local_installation,https://slack.com/downloads/mac,,,b2,message,Contents/Resources/b2.mp3,f5e591a4d8899efb418dab0082dbe625e98cf13594188ef09233cca76daca8f5,1.985306,44100,2,-32.2,-27.2,,,-18.7,-18.847,-36.913,-34.655,18.066,18.213,1126.075,990.527,98.945,notification-sound-db-bs1770-v1,ffmpeg version 8.1.2 Copyright (c) 2000-2026 the FFmpeg developers,2026-08-09T04:53:23Z
slack,Slack,Slack,Slack Technologies,26.6.1,4.51.180,451000180,2026-08-09T05:11:22Z,local_installation,https://slack.com/downloads/mac,,,been_tree,message,Contents/Resources/been_tree.mp3,aae70ceae01784916b3ebd8753cf8edc33387f6a9fc4123894f472d62697b2a4,0.522449,44100,2,-18.4,-15.2,,,-0.3,-0.357,-21.812,-20.76,21.455,21.512,2436.998,1981.055,99.246,notification-sound-db-bs1770-v1,ffmpeg version 8.1.2 Copyright (c) 2000-2026 the FFmpeg developers,2026-08-09T04:53:23Z
slack,Slack,Slack,Slack Technologies,26.6.1,4.51.180,451000180,2026-08-09T05:11:22Z,local_installation,https://slack.com/downloads/mac,,,boop,ui_feedback,Contents/Resources/boop.mp3,ab591c2f61aa35ffcbf2be5e0322995dd201b838913916b84bafdc0c1b7f5b46,2.496,48000,2,-16.4,-14.4,,,-1.1,-1.072,-18.937,-17.419,17.864,17.837,169.786,117.188,13.799,notification-sound-db-bs1770-v1,ffmpeg version 8.1.2 Copyright (c) 2000-2026 the FFmpeg developers,2026-08-09T04:53:23Z
slack,Slack,Slack,Slack Technologies,26.6.1,4.51.180,451000180,2026-08-09T05:11:22Z,local_installation,https://slack.com/downloads/mac,,,calls_alert_v2,call_state,Contents/Resources/calls_alert_v2.mp3,a3ed80f7137ae527510377edfcf57f8fcd86fc86416a922b648dc54604456a02,1.124331,44100,1,-29.9,-26.7,,,-8.7,-8.706,-30.428,-28.432,21.722,21.728,417.169,366.064,99.531,notification-sound-db-bs1770-v1,ffmpeg version 8.1.2 Copyright (c) 2000-2026 the FFmpeg developers,2026-08-09T04:53:23Z
slack,Slack,Slack,Slack Technologies,26.6.1,4.51.180,451000180,2026-08-09T05:11:22Z,local_installation,https://slack.com/downloads/mac,,,calls_confirmation_v2,call_state,Contents/Resources/calls_confirmation_v2.mp3,e77e740ccd395604e51e14e54db33535d4785e2065fcf86b64a17f207efe9079,0.993719,44100,1,-34.8,-30.9,,,-15.4,-15.359,-35.342,-32.852,19.983,19.942,1135.636,753.662,99.762,notification-sound-db-bs1770-v1,ffmpeg version 8.1.2 Copyright (c) 2000-2026 the FFmpeg developers,2026-08-09T04:53:23Z
slack,Slack,Slack,Slack Technologies,26.6.1,4.51.180,451000180,2026-08-09T05:11:22Z,local_installation,https://slack.com/downloads/mac,,,calls_incoming_ring_v2,incoming_call,Contents/Resources/calls_incoming_ring_v2.mp3,42b56a77efb167b1052d46b7f113956e5b733220c0e031eea922f9c3a9ca89dc,4.598617,44100,1,-22.5,-20.5,-22.7,13.9,-3.4,-3.365,-23.502,-22.463,20.136,20.102,472.81,592.163,99.561,notification-sound-db-bs1770-v1,ffmpeg version 8.1.2 Copyright (c) 2000-2026 the FFmpeg developers,2026-08-09T04:53:23Z
slack,Slack,Slack,Slack Technologies,26.6.1,4.51.180,451000180,2026-08-09T05:11:22Z,local_installation,https://slack.com/downloads/mac,,,calls_outgoing_ring_v2,call_state,Contents/Resources/calls_outgoing_ring_v2.mp3,38df229038f605399fccbdaa61400c941555ffca7afcd9cef70ac750e7bbb956,2.090862,44100,1,-29.6,-28.4,,,-15.2,-15.158,-32.412,-29.165,17.254,17.212,563.026,495.264,99.464,notification-sound-db-bs1770-v1,ffmpeg version 8.1.2 Copyright (c) 2000-2026 the FFmpeg developers,2026-08-09T04:53:23Z
slack,Slack,Slack,Slack Technologies,26.6.1,4.51.180,451000180,2026-08-09T05:11:22Z,local_installation,https://slack.com/downloads/mac,,,calls_pop_v2,call_state,Contents/Resources/calls_pop_v2.mp3,b82f899a3e8d092f9d7013eb8c2deb1cfb7ac37403daf269e8ba785acb43e810,0.57576,44100,1,-32.1,-32.1,,,-17.8,-17.8,-33.729,-27.589,15.93,15.929,1000.021,1001.294,99.901,notification-sound-db-bs1770-v1,ffmpeg version 8.1.2 Copyright (c) 2000-2026 the FFmpeg developers,2026-08-09T04:53:23Z
slack,Slack,Slack,Slack Technologies,26.6.1,4.51.180,451000180,2026-08-09T05:11:22Z,local_installation,https://slack.com/downloads/mac,,,calls_they_joined_call_v2,call_state,Contents/Resources/calls_they_joined_call_v2.mp3,a2416830ae5c491aa2cb0870cd085665467ff86eaf2b71a5555f7a9c5b5426de,1.124331,44100,1,-32.7,-30.1,,,-13.0,-12.976,-33.898,-29.824,20.922,20.898,460.291,495.264,99.574,notification-sound-db-bs1770-v1,ffmpeg version 8.1.2 Copyright (c) 2000-2026 the FFmpeg developers,2026-08-09T04:53:23Z
slack,Slack,Slack,Slack Technologies,26.6.1,4.51.180,451000180,2026-08-09T05:11:22Z,local_installation,https://slack.com/downloads/mac,,,calls_they_left_call_v2,call_state,Contents/Resources/calls_they_left_call_v2.mp3,9fb8cb9f02c492822eee059785a53028bfedbbcdf513ab110fdc568266345353,1.124331,44100,1,-34.5,-30.7,,,-15.0,-15.029,-34.509,-31.636,19.481,19.509,359.298,366.064,99.762,notification-sound-db-bs1770-v1,ffmpeg version 8.1.2 Copyright (c) 2000-2026 the FFmpeg developers,2026-08-09T04:53:23Z
slack,Slack,Slack,Slack Technologies,26.6.1,4.51.180,451000180,2026-08-09T05:11:22Z,local_installation,https://slack.com/downloads/mac,,,calls_you_joined_call_v2,call_state,Contents/Resources/calls_you_joined_call_v2.mp3,b5b237256b349f4a89e90be224616ed0afb63c59ddc3e29342a02ef1e6baddcb,1.411678,44100,1,-29.4,-26.8,,,-12.2,-12.155,-31.62,-27.976,19.465,19.42,467.758,495.264,99.893,notification-sound-db-bs1770-v1,ffmpeg version 8.1.2 Copyright (c) 2000-2026 the FFmpeg developers,2026-08-09T04:53:23Z
slack,Slack,Slack,Slack Technologies,26.6.1,4.51.180,451000180,2026-08-09T05:11:22Z,local_installation,https://slack.com/downloads/mac,,,calls_you_left_call_v2,call_state,Contents/Resources/calls_you_left_call_v2.mp3,5c4dafbb67ee4370d38c5f03e93ade455e951506448ec7a427e9437eaced1062,1.411678,44100,1,-32.4,-29.0,,,-13.1,-13.143,-33.726,-31.037,20.583,20.626,312.414,312.231,99.481,notification-sound-db-bs1770-v1,ffmpeg version 8.1.2 Copyright (c) 2000-2026 the FFmpeg developers,2026-08-09T04:53:23Z
slack,Slack,Slack,Slack Technologies,26.6.1,4.51.180,451000180,2026-08-09T05:11:22Z,local_installation,https://slack.com/downloads/mac,,,complete_quest_requirement,completion,Contents/Resources/complete_quest_requirement.mp3,3ce7d6eca51c3b2ca53b85da8e5d513e34aaf93043138f182ef0778c0a8c4126,1.567347,44100,2,-33.6,-29.7,,,-13.0,-13.395,-39.743,-38.658,26.347,26.743,1930.287,1776.489,98.432,notification-sound-db-bs1770-v1,ffmpeg version 8.1.2 Copyright (c) 2000-2026 the FFmpeg developers,2026-08-09T04:53:24Z
slack,Slack,Slack,Slack Technologies,26.6.1,4.51.180,451000180,2026-08-09T05:11:22Z,local_installation,https://slack.com/downloads/mac,,,confirm_delivery,completion,Contents/Resources/confirm_delivery.mp3,06ecca16105b21b4882e4dd9ac1180fda3fd7f7a3424daa14e22c028318a85c5,0.679184,44100,2,-28.3,-27.8,,,-17.5,-17.808,-35.439,-32.172,17.632,17.939,2086.545,1970.288,97.32,notification-sound-db-bs1770-v1,ffmpeg version 8.1.2 Copyright (c) 2000-2026 the FFmpeg developers,2026-08-09T04:53:24Z
slack,Slack,Slack,Slack Technologies,26.6.1,4.51.180,451000180,2026-08-09T05:11:22Z,local_installation,https://slack.com/downloads/mac,,,flitterbug,message,Contents/Resources/flitterbug.mp3,1c85c6fa66135bae583f5bf2f92b07723633666af646abedfef063321d1d206a,2.168163,44100,2,-30.2,-26.7,,,-16.1,-16.102,-35.621,-34.302,19.519,19.521,845.174,506.03,99.667,notification-sound-db-bs1770-v1,ffmpeg version 8.1.2 Copyright (c) 2000-2026 the FFmpeg developers,2026-08-09T04:53:24Z
slack,Slack,Slack,Slack Technologies,26.6.1,4.51.180,451000180,2026-08-09T05:11:22Z,local_installation,https://slack.com/downloads/mac,,,here_you_go_lighter,message,Contents/Resources/here_you_go_lighter.mp3,b0138acf1be58df818b7a0563cdbbdff71702a580c5a5fc99ff5a3a07fb35a39,0.653061,44100,2,-28.6,-26.7,,,-8.8,-10.188,-32.703,-31.086,22.515,23.903,2574.409,1033.594,89.868,notification-sound-db-bs1770-v1,ffmpeg version 8.1.2 Copyright (c) 2000-2026 the FFmpeg developers,2026-08-09T04:53:24Z
slack,Slack,Slack,Slack Technologies,26.6.1,4.51.180,451000180,2026-08-09T05:11:22Z,local_installation,https://slack.com/downloads/mac,,,hi_flowers_hit,message,Contents/Resources/hi_flowers_hit.mp3,c55cb4b0916bddf2cfd7d16d8705ee8b9131e993351bb074150e3e4d89509842,1.933061,44100,1,-35.9,-31.8,,,-19.9,-19.91,-38.176,-35.528,18.266,18.276,836.917,699.829,99.964,notification-sound-db-bs1770-v1,ffmpeg version 8.1.2 Copyright (c) 2000-2026 the FFmpeg developers,2026-08-09T04:53:24Z
slack,Slack,Slack,Slack Technologies,26.6.1,4.51.180,451000180,2026-08-09T05:11:22Z,local_installation,https://slack.com/downloads/mac,,,hummus,message,Contents/Resources/hummus.mp3,6a689cfa7dd49909b8f6dc8a75b33adcc3318a5ac9a8c4ba5abf0b87f9d89ebc,0.758617,44100,1,-25.1,-21.1,,,-7.7,-7.667,-23.216,-22.989,15.549,15.516,688.972,247.632,85.134,notification-sound-db-bs1770-v1,ffmpeg version 8.1.2 Copyright (c) 2000-2026 the FFmpeg developers,2026-08-09T04:53:24Z
slack,Slack,Slack,Slack Technologies,26.6.1,4.51.180,451000180,2026-08-09T05:11:22Z,local_installation,https://slack.com/downloads/mac,,,item_pickup,message,Contents/Resources/item_pickup.mp3,1ce9b91aab655a121287a1eab639bbf1393cb1c5ee8678261c36b85eb50b99c6,0.417959,44100,2,-27.9,-26.3,,,-8.9,-10.494,-30.085,-29.059,19.591,21.185,2159.552,1173.56,92.145,notification-sound-db-bs1770-v1,ffmpeg version 8.1.2 Copyright (c) 2000-2026 the FFmpeg developers,2026-08-09T04:53:24Z
slack,Slack,Slack,Slack Technologies,26.6.1,4.51.180,451000180,2026-08-09T05:11:22Z,local_installation,https://slack.com/downloads/mac,,,knock_brush,message,Contents/Resources/knock_brush.mp3,530cc90e941b532c4acb7ae100682c0c5adce2b6d67151dc0a8567bb474b004b,0.548571,44100,2,-29.3,-27.4,,,-10.3,-10.427,-31.324,-30.922,20.897,21.024,5066.283,1205.859,65.462,notification-sound-db-bs1770-v1,ffmpeg version 8.1.2 Copyright (c) 2000-2026 the FFmpeg developers,2026-08-09T04:53:24Z
slack,Slack,Slack,Slack Technologies,26.6.1,4.51.180,451000180,2026-08-09T05:11:22Z,local_installation,https://slack.com/downloads/mac,,,save_and_checkout,completion,Contents/Resources/save_and_checkout.mp3,66cc2e73af13a702aadc5fb15cc365d3b445b97377aef9e372515632bad71eb2,1.201633,44100,2,-21.8,-19.2,,,-8.6,-8.647,-27.509,-26.489,18.862,18.909,1448.362,979.761,99.093,notification-sound-db-bs1770-v1,ffmpeg version 8.1.2 Copyright (c) 2000-2026 the FFmpeg developers,2026-08-09T04:53:24Z
slack,Slack,Slack,Slack Technologies,26.6.1,4.51.180,451000180,2026-08-09T05:11:22Z,local_installation,https://slack.com/downloads/mac,,,short_boop,ui_feedback,Contents/Resources/short_boop.mp3,8c2e375985361f8f45259b387c274e59a42c00b00c36f3d66e99c33030b145d5,0.888,48000,2,-16.8,-14.8,,,-1.0,-0.996,-19.81,-17.65,18.814,18.81,164.603,117.188,9.468,notification-sound-db-bs1770-v1,ffmpeg version 8.1.2 Copyright (c) 2000-2026 the FFmpeg developers,2026-08-09T04:53:24Z
zoom,Zoom Workplace,Zoom Workplace,Zoom Communications,26.6.1,7.1.5 (84650),7.1.5.84650,2026-08-09T05:08:30Z,official_distribution,https://zoom.us/download,https://zoom.us/client/7.1.5.84650/zoomusInstallerFull.pkg?archType=arm64,49cf70af674176f3708b9d3b519f585424c442ccf744fd9659327967971c8279,and_the_winner_is,unknown,Contents/Frameworks/zAppUI.bundle/Contents/Resources/and_the_winner_is.mp3,525c988dbd53f27e86eccac47d36a64f101bddd70bfbe041d41dff43d6c852a3,5.756125,16000,1,-32.7,-29.5,-31.9,13.2,-18.3,-18.25,-32.721,-32.655,14.47,14.421,697.549,85.938,62.6,notification-sound-db-bs1770-v1,ffmpeg version 8.1.2 Copyright (c) 2000-2026 the FFmpeg developers,2026-08-09T05:08:29Z
zoom,Zoom Workplace,Zoom Workplace,Zoom Communications,26.6.1,7.1.5 (84650),7.1.5.84650,2026-08-09T05:08:30Z,official_distribution,https://zoom.us/download,https://zoom.us/client/7.1.5.84650/zoomusInstallerFull.pkg?archType=arm64,49cf70af674176f3708b9d3b519f585424c442ccf744fd9659327967971c8279,beethoven_begins,unknown,Contents/Frameworks/zAppUI.bundle/Contents/Resources/beethoven_begins.mp3,76b1a89126d7e347bcca1ec98380e7f2cfaa583d8b757f23267dddb10efb2772,4.527625,16000,1,-33.6,-31.5,-33.0,10.1,-18.0,-18.05,-32.054,-31.908,14.004,14.054,188.653,42.969,20.804,notification-sound-db-bs1770-v1,ffmpeg version 8.1.2 Copyright (c) 2000-2026 the FFmpeg developers,2026-08-09T05:08:29Z
zoom,Zoom Workplace,Zoom Workplace,Zoom Communications,26.6.1,7.1.5 (84650),7.1.5.84650,2026-08-09T05:08:30Z,official_distribution,https://zoom.us/download,https://zoom.us/client/7.1.5.84650/zoomusInstallerFull.pkg?archType=arm64,49cf70af674176f3708b9d3b519f585424c442ccf744fd9659327967971c8279,golden_ticket,unknown,Contents/Frameworks/zAppUI.bundle/Contents/Resources/golden_ticket.mp3,6a4e719d4b647d0ac37fd8e68b2860646b1c6c99e6def13b6d24be7d20c7fa73,5.799188,16000,1,-39.5,-37.0,-38.5,8.5,-25.2,-25.491,-38.662,-38.433,13.172,13.462,649.05,50.781,25.362,notification-sound-db-bs1770-v1,ffmpeg version 8.1.2 Copyright (c) 2000-2026 the FFmpeg developers,2026-08-09T05:08:29Z
zoom,Zoom Workplace,Zoom Workplace,Zoom Communications,26.6.1,7.1.5 (84650),7.1.5.84650,2026-08-09T05:08:30Z,official_distribution,https://zoom.us/download,https://zoom.us/client/7.1.5.84650/zoomusInstallerFull.pkg?archType=arm64,49cf70af674176f3708b9d3b519f585424c442ccf744fd9659327967971c8279,ohh_la_la,unknown,Contents/Frameworks/zAppUI.bundle/Contents/Resources/ohh_la_la.mp3,cb382a8a4398adc193f0407940e71fdc6b36ac1a0b73299337125f2e1e8be699,5.49975,16000,1,-30.5,-28.3,-29.8,11.0,-16.3,-16.301,-29.809,-29.697,13.509,13.509,346.654,70.312,66.108,notification-sound-db-bs1770-v1,ffmpeg version 8.1.2 Copyright (c) 2000-2026 the FFmpeg developers,2026-08-09T05:08:29Z
zoom,Zoom Workplace,Zoom Workplace,Zoom Communications,26.6.1,7.1.5 (84650),7.1.5.84650,2026-08-09T05:08:30Z,official_distribution,https://zoom.us/download,https://zoom.us/client/7.1.5.84650/zoomusInstallerFull.pkg?archType=arm64,49cf70af674176f3708b9d3b519f585424c442ccf744fd9659327967971c8279,on_the_launchpad,unknown,Contents/Frameworks/zAppUI.bundle/Contents/Resources/on_the_launchpad.mp3,60c46270d5f3e59f55c30376b77c870de0cc9a816bb52b6ac7f3f8b93299042b,3.699937,16000,1,-35.1,-32.4,-34.7,12.8,-17.4,-17.395,-32.468,-32.397,15.073,15.068,177.98,50.781,14.229,notification-sound-db-bs1770-v1,ffmpeg version 8.1.2 Copyright (c) 2000-2026 the FFmpeg developers,2026-08-09T05:08:29Z
zoom,Zoom Workplace,Zoom Workplace,Zoom Communications,26.6.1,7.1.5 (84650),7.1.5.84650,2026-08-09T05:08:30Z,official_distribution,https://zoom.us/download,https://zoom.us/client/7.1.5.84650/zoomusInstallerFull.pkg?archType=arm64,49cf70af674176f3708b9d3b519f585424c442ccf744fd9659327967971c8279,pencils_down,unknown,Contents/Frameworks/zAppUI.bundle/Contents/Resources/pencils_down.mp3,05d82db2e8a5d79150514ea9f0f483323a8014aea437e04c8e373e3a71b4951d,5.312625,16000,1,-32.6,-30.2,-31.5,13.8,-17.2,-17.54,-31.917,-31.824,14.376,14.717,361.27,109.375,48.524,notification-sound-db-bs1770-v1,ffmpeg version 8.1.2 Copyright (c) 2000-2026 the FFmpeg developers,2026-08-09T05:08:29Z
zoom,Zoom Workplace,Zoom Workplace,Zoom Communications,26.6.1,7.1.5 (84650),7.1.5.84650,2026-08-09T05:08:30Z,official_distribution,https://zoom.us/download,https://zoom.us/client/7.1.5.84650/zoomusInstallerFull.pkg?archType=arm64,49cf70af674176f3708b9d3b519f585424c442ccf744fd9659327967971c8279,timer-alarm,unknown,Contents/Frameworks/zAppUI.bundle/Contents/Resources/timer-alarm.wav,aeabbe8431af076dc2f8aa10fad3c709faa2eac419cce2f230b3b363d8efbb46,2.68,16000,1,-24.7,-22.8,,,-13.5,-13.528,-30.781,-23.221,17.253,17.281,782.09,781.25,100.0,notification-sound-db-bs1770-v1,ffmpeg version 8.1.2 Copyright (c) 2000-2026 the FFmpeg developers,2026-08-09T05:08:29Z
zoom,Zoom Workplace,Zoom Workplace,Zoom Communications,26.6.1,7.1.5 (84650),7.1.5.84650,2026-08-09T05:08:30Z,official_distribution,https://zoom.us/download,https://zoom.us/client/7.1.5.84650/zoomusInstallerFull.pkg?archType=arm64,49cf70af674176f3708b9d3b519f585424c442ccf744fd9659327967971c8279,times_up,unknown,Contents/Frameworks/zAppUI.bundle/Contents/Resources/times_up.mp3,6b813401abd748e45f4a3e800460d565739d1dd36a4330f4e24d821214840597,5.17,16000,1,-31.7,-29.2,-30.7,11.8,-18.0,-18.061,-31.059,-30.94,12.999,13.059,299.404,74.219,20.635,notification-sound-db-bs1770-v1,ffmpeg version 8.1.2 Copyright (c) 2000-2026 the FFmpeg developers,2026-08-09T05:08:29Z
zoom,Zoom Workplace,Zoom Workplace,Zoom Communications,26.6.1,7.1.5 (84650),7.1.5.84650,2026-08-09T05:08:30Z,official_distribution,https://zoom.us/download,https://zoom.us/client/7.1.5.84650/zoomusInstallerFull.pkg?archType=arm64,49cf70af674176f3708b9d3b519f585424c442ccf744fd9659327967971c8279,vamos,unknown,Contents/Frameworks/zAppUI.bundle/Contents/Resources/vamos.mp3,366161c676c17e4ee35469e7a95206f98d4e1a9e31c13925d3ce4068ba073b0b,5.154937,16000,1,-33.4,-30.3,-32.6,7.3,-18.8,-19.108,-34.226,-33.926,15.119,15.426,987.986,585.938,84.009,notification-sound-db-bs1770-v1,ffmpeg version 8.1.2 Copyright (c) 2000-2026 the FFmpeg developers,2026-08-09T05:08:30Z
zoom,Zoom Workplace,Zoom Workplace,Zoom Communications,26.6.1,7.1.5 (84650),7.1.5.84650,2026-08-09T05:08:30Z,official_distribution,https://zoom.us/download,https://zoom.us/client/7.1.5.84650/zoomusInstallerFull.pkg?archType=arm64,49cf70af674176f3708b9d3b519f585424c442ccf744fd9659327967971c8279,vegas,unknown,Contents/Frameworks/zAppUI.bundle/Contents/Resources/vegas.mp3,2e316ec0dad6927915375b0cd67b97caefddc7f46975b30d9255d422d2959713,4.367438,16000,1,-32.7,-30.6,-32.0,12.4,-17.6,-17.988,-32.431,-32.303,14.444,14.831,488.628,74.219,46.825,notification-sound-db-bs1770-v1,ffmpeg version 8.1.2 Copyright (c) 2000-2026 the FFmpeg developers,2026-08-09T05:08:30Z
zoom,Zoom Workplace,Zoom Workplace,Zoom Communications,26.6.1,7.1.5 (84650),7.1.5.84650,2026-08-09T05:08:30Z,official_distribution,https://zoom.us/download,https://zoom.us/client/7.1.5.84650/zoomusInstallerFull.pkg?archType=arm64,49cf70af674176f3708b9d3b519f585424c442ccf744fd9659327967971c8279,we_made_it,unknown,Contents/Frameworks/zAppUI.bundle/Contents/Resources/we_made_it.mp3,82139bed6ff9e6fb5005922c920cd51d19e33a1a9ff9a7a17040145bac33540b,4.258,16000,1,-33.2,-29.6,-32.7,7.3,-17.7,-18.086,-33.625,-33.288,15.539,15.925,858.015,54.688,42.142,notification-sound-db-bs1770-v1,ffmpeg version 8.1.2 Copyright (c) 2000-2026 the FFmpeg developers,2026-08-09T05:08:30Z
zoom,Zoom Workplace,Zoom Workplace,Zoom Communications,26.6.1,7.1.5 (84650),7.1.5.84650,2026-08-09T05:08:30Z,official_distribution,https://zoom.us/download,https://zoom.us/client/7.1.5.84650/zoomusInstallerFull.pkg?archType=arm64,49cf70af674176f3708b9d3b519f585424c442ccf744fd9659327967971c8279,dtmf_a,unknown,Contents/Resources/dtmf_a.wav,43d0fd2beabcb056810e64a17ba6e6e25cce6979e3ebdb6dc7da4c41f47015ee,0.14,44100,1,-17.5,-17.5,,,-6.0,-6.025,-13.636,-12.175,7.611,7.636,1165.003,699.829,100.0,notification-sound-db-bs1770-v1,ffmpeg version 8.1.2 Copyright (c) 2000-2026 the FFmpeg developers,2026-08-09T05:08:30Z
zoom,Zoom Workplace,Zoom Workplace,Zoom Communications,26.6.1,7.1.5 (84650),7.1.5.84650,2026-08-09T05:08:30Z,official_distribution,https://zoom.us/download,https://zoom.us/client/7.1.5.84650/zoomusInstallerFull.pkg?archType=arm64,49cf70af674176f3708b9d3b519f585424c442ccf744fd9659327967971c8279,Hangup,call_state,Contents/Resources/Hangup.WAV,8986f818f05d1e4817f8c8cce8edc1b640fd3c512a139ce4583b8166504dcea7,0.680272,11025,2,-6.7,-4.1,,,-0.6,-0.616,-8.464,-7.466,7.848,7.864,499.738,500.647,99.954,notification-sound-db-bs1770-v1,ffmpeg version 8.1.2 Copyright (c) 2000-2026 the FFmpeg developers,2026-08-09T05:08:30Z
